Predicted,Actual
1962.7877197265625,1994.7099609375
1970.6981201171875,2019.27001953125
1977.2039794921875,2015.27001953125
1994.7608642578125,2014.23999023437
1999.66796875,2026.90002441406
2004.273193359375,2041.16003417969
2001.4229736328125,2047.88000488281
2003.580810546875,2048.63989257812
2003.4066162109375,2048.55004882813
2014.7635498046875,2032.47998046875
2021.0244140625,2037.89001464844
2029.3912353515625,2035.75
2033.0977783203125,2058.27001953125
2038.1802978515625,2063.77001953125
2047.135009765625,2056.6201171875
2052.832275390625,2073.18994140625
2055.0224609375,2062.5
2051.514892578125,2045.56005859375
2051.29931640625,2063.01000976562
2049.371826171875,2045.5400390625
2056.9169921875,2050.22998046875
2060.778564453125,2043.71997070312
2068.02783203125,2065.919921875
2071.626953125,2082.88989257812
2068.13916015625,2083.10009765625
2067.496337890625,2078.830078125
2066.37353515625,2096.05004882812
2060.53564453125,2101.52001953125
2065.96875,2102.09008789062
2061.120849609375,2091.48999023437
2069.56298828125,2089.3701171875
2077.07080078125,2089.84008789063
2088.139892578125,2092.330078125
2092.73681640625,2090.92993164063
2096.986083984375,2071.82006835937
2100.276123046875,2067.169921875
2106.51416015625,2077.17993164063
2105.24853515625,2060.30004882812
2100.88818359375,2052.94995117187
2097.01416015625,2047.77001953125
2096.44287109375,2057.55004882812
2093.57958984375,2062.6298828125
2087.988037109375,2083.2900390625
2082.401123046875,2067.169921875
2078.221923828125,2062.5
2073.164306640625,2046.53002929687
2072.3896484375,2065.0400390625
2064.57568359375,2044.38000488281
2064.4873046875,2044.2099609375
2065.6474609375,2041.88000488281
2074.94384765625,2052.22998046875
2074.352294921875,2052.64990234375
2075.6328125,2078.92993164063
2065.626953125,2091.43994140625
2065.024658203125,2090.06005859375
2058.6552734375,2100.1298828125
2062.19873046875,2093.93994140625
2057.051025390625,2097.7099609375
2060.81396484375,2104.07006835938
2065.142822265625,2100.830078125
2076.617431640625,2110.17993164063
2085.806640625,2112.7099609375
2097.648681640625,2115.64990234375
2103.879150390625,2109.57006835938
2104.798828125,2091.75
2108.8125,2076.64990234375
2109.5546875,2077.60009765625
2110.93310546875,2066.36010742187
2113.61328125,2078.19995117188
2113.138916015625,2075.580078125
2116.22021484375,2085.18994140625
2113.159912109375,2089.75
2107.118896484375,2092.80004882812
2097.974609375,2103.81005859375
2091.000732421875,2031.44995117187
2083.59326171875,2006.67004394531
2086.10205078125,2042.68994140625
2085.184326171875,2073.169921875
2086.717041015625,2099.34008789063
2086.3623046875,2095.05004882813
2090.010009765625,2084.42993164063
2092.806396484375,2100.419921875
2071.538818359375,2106.96997070312
2062.0166015625,2131.71997070312
2049.997314453125,2139.5
2059.2900390625,2153.81005859375
2084.52294921875,2157.8798828125
2100.556396484375,2165.1298828125
2107.15283203125,2162.0400390625
2110.986083984375,2163.7900390625
2115.132568359375,2166.10009765625
2130.141845703125,2172.90991210937
2141.093505859375,2166.46997070313
2155.302490234375,2173.7099609375
2162.470703125,2168.96997070313
2170.05419921875,2169.81005859375
2171.318359375,2166.05004882812
2175.081787109375,2168.830078125
2174.23486328125,2173.14990234375
2176.38037109375,2169.93994140625
2177.150634765625,2156.81005859375
2179.905517578125,2163.51000976562
2178.53564453125,2168.7900390625
2179.8544921875,2183.76000976563
2176.377197265625,2182.23999023437
2177.298095703125,2182.81005859375
2177.896240234375,2177.96997070312
2179.024658203125,2183.73999023437
2176.7255859375,2186.080078125
2176.70703125,2186.23999023437
2175.550537109375,2177.84008789063
2182.92724609375,2181.89990234375
2187.454345703125,2184.23999023438
2192.072021484375,2181.580078125
2190.186279296875,2187.81005859375
2191.315185546875,2185.09008789063
2191.707275390625,2173.2900390625
2193.5390625,2175.10009765625
2192.3564453125,2170.18994140625
2192.142822265625,2179.44995117187
2190.15771484375,2173.56005859375
2190.8330078125,2171.330078125
2191.986328125,2177.48999023437
2191.869873046875,2181.61010742187
2189.89697265625,2185.169921875
2187.580078125,2182.76000976562
2182.90478515625,2169.080078125
2185.487548828125,2120.86010742187
2183.665283203125,2150.46997070313
2186.110595703125,2127.86010742187
2184.511962890625,2125.36010742187
2181.88134765625,2146.47998046875
2185.1650390625,2143.98999023437
2182.999267578125,2145.93994140625
2177.11328125,2144.580078125
2159.615234375,2170.93994140625
2156.8310546875,2173.2900390625
2140.3671875,2158.5400390625
2147.098388671875,2146.0400390625
2147.019775390625,2161.85009765625
2151.00146484375,2168.89990234375
2157.67431640625,2156.51000976563
2156.95703125,2164.330078125
2164.64404296875,2163.3701171875
2169.47509765625,2155.14990234375
2173.200927734375,2158.21997070312
2169.555908203125,2164.18994140625
2166.9921875,2160.38989257812
2166.638671875,2161.35009765625
2170.191650390625,2137.669921875
2172.650146484375,2130.26000976562
2169.44482421875,2139.67993164063
2170.001953125,2132.94995117187
2167.494140625,2138.31005859375
2165.595703125,2140.81005859375
2165.703857421875,2142.51000976562
2165.373779296875,2139.42993164062
2156.71142578125,2148.5
2152.75830078125,2149.71997070313
2145.841552734375,2136.96997070312
2143.115966796875,2144.06005859375
2147.4375,2132.22998046875
2147.2880859375,2129.78002929687
2149.296875,2128.67993164062
2150.27783203125,2109.42993164062
2151.8916015625,2098.80004882812
2151.979248046875,2083.7900390625
2150.71728515625,2100.59008789062
2148.598388671875,2129.919921875
2140.00146484375,2131.56005859375
2137.875,2167.48999023438
2132.7236328125,2162.7099609375
2127.32763671875,2165.63989257812
2120.4345703125,2168.2900390625
2112.2275390625,2177.53002929687
2114.980224609375,2178.61010742187
2123.101806640625,2186.85009765625
2138.358642578125,2186.42993164062
2158.062744140625,2201.56005859375
2164.84326171875,2198.55004882812
2177.720458984375,2206.27001953125
2177.5185546875,2210.2099609375
2183.802490234375,2200.76000976562
2187.22314453125,2204.96997070313
2193.697509765625,2200.169921875
2196.58642578125,2191.1201171875
2202.984130859375,2200.64990234375
2205.736083984375,2207.26000976562
2212.001953125,2210.71997070312
2212.18603515625,2241.1298828125
2213.307861328125,2249.72998046875
2214.248046875,2258.830078125
2210.865478515625,2263.32006835937
2211.722412109375,2268.35009765625
2213.657470703125,2253.77001953125
2216.774658203125,2266.81005859375
2225.4296875,2259.23999023437
2237.8740234375,2266.5
2247.4384765625,2270.5400390625
2262.07080078125,2262.92993164062
2267.55615234375,2260.25
2272.25830078125,2266.22998046875
2271.811767578125,2270.22998046875
2273.28662109375,2249.5
2270.03662109375,2251.61010742187
2274.58203125,2251.57006835938
2274.1201171875,2261.60009765625
2273.805419921875,2268.17993164062
2273.205322265625,2271.13989257812
2270.92431640625,2273.59008789062
2272.203125,2269.71997070312
2269.8984375,2268.60009765625
2269.53466796875,2271.13989257812
2264.718505859375,2272.73999023437
2268.683349609375,2269.13989257813
2271.983642578125,2269.13989257813
2277.62744140625,2271.89990234375
2280.84765625,2269.9599609375
2281.0107421875,2267.78002929687
2280.908935546875,2267.8798828125
2280.82666015625,2288.8798828125
2280.27490234375,2298.6298828125
2280.63623046875,2299.02001953125
2280.58544921875,2286.01000976562
2281.99169921875,2274.02001953125
2282.713134765625,2285.59008789062
2283.27587890625,2276.68994140625
2283.865966796875,2288.5400390625
2287.14306640625,2294.28002929687
2294.219970703125,2295.8701171875
2301.11181640625,2289.55004882812
2301.0341796875,2296.69995117187
2296.847900390625,2312.27001953125
2293.85791015625,2321.71997070312
2290.013916015625,2326.1201171875
2296.510009765625,2335.580078125
2298.3388671875,2349.63989257812
2304.9189453125,2343.01000976562
2307.421142578125,2354.90991210937
2311.330810546875,2361.11010742187
2316.80419921875,2367.5
2325.054443359375,2355.72998046875
2335.053466796875,2365.22998046875
2343.709716796875,2366.080078125
2351.08349609375,2380.1298828125
2355.8349609375,2394.75
2363.013671875,2380.919921875
2365.56982421875,2375.22998046875
2372.23974609375,2370.73999023437
2374.704345703125,2369.81005859375
2378.268310546875,2363.48999023437
2376.51171875,2372.52001953125
2382.58251953125,2371.56005859375
2388.03759765625,2368.55004882812
2390.47998046875,2370.34008789062
2391.03564453125,2387.7099609375
2384.43017578125,2383.7099609375
2382.0302734375,2378.23999023438
2379.154052734375,2379.32006835937
2381.58984375,2343.0
2381.135498046875,2345.96997070313
2382.45654296875,2350.419921875
2382.646728515625,2329.11010742187
2383.760498046875,2339.7900390625
2385.218505859375,2356.5400390625
2387.365234375,2361.31005859375
2382.08203125,2364.82006835937
2369.96044921875,2362.34008789062
2367.031982421875,2354.76000976562
2356.3271484375,2366.59008789062
2353.881591796875,2353.7900390625
2355.95068359375,2356.59008789063
2356.02392578125,2357.15991210937
2364.134033203125,2353.919921875
2369.965576171875,2352.14990234375
2371.78076171875,2341.97998046875
2369.92578125,2332.6201171875
2369.891357421875,2342.53002929688
2366.537109375,2346.7900390625
2367.405517578125,2342.68994140625
2363.213623046875,2354.73999023437
2363.31103515625,2370.330078125
2362.415283203125,2381.51000976563
2356.840087890625,2388.97998046875
2353.3525390625,2389.69995117187
2353.201904296875,2393.67993164063
2354.07421875,2388.5
2359.38671875,2391.05004882812
2365.435546875,2386.5
2372.4384765625,2389.7900390625
2382.647705078125,2392.3701171875
2392.100341796875,2399.93994140625
2397.473388671875,2401.580078125
2400.63818359375,2396.7900390625
2401.056884765625,2394.84008789062
2402.2958984375,2392.43994140625
2400.260498046875,2393.97998046875
2401.61328125,2404.55004882812
2401.2021484375,2382.94995117187
2405.126708984375,2354.68994140625
2407.24560546875,2371.3701171875
2408.40576171875,2387.2099609375
2406.392333984375,2397.0400390625
2400.68310546875,2401.40991210937
2401.340087890625,2409.5400390625
2403.2138671875,2414.5
2398.8212890625,2411.669921875
2391.6259765625,2415.6298828125
2387.995361328125,2415.64990234375
2388.44189453125,2431.28002929687
2400.219970703125,2437.830078125
2410.053955078125,2431.919921875
2416.3134765625,2432.03002929687
2421.768310546875,2434.27001953125
2425.10986328125,2436.38989257812
2427.98095703125,2425.8798828125
2429.230224609375,2434.14990234375
2435.026123046875,2443.75
2439.39111328125,2424.13989257812
2443.29833984375,2431.23999023437
2444.848876953125,2442.55004882812
2444.19775390625,2450.65991210937
2444.03662109375,2439.31005859375
2442.69287109375,2437.39990234375
2445.08544921875,2434.64990234375
2445.6328125,2443.32006835937
2444.861083984375,2436.34008789062
2446.88037109375,2428.69995117187
2444.277099609375,2442.3798828125
2451.338134765625,2429.19995117188
2452.542724609375,2431.38989257812
2451.80908203125,2430.78002929687
2448.71142578125,2423.43994140625
2448.28173828125,2413.52001953125
2446.307373046875,2424.51000976562
2446.25390625,2427.35009765625
2444.85302734375,2435.75
2440.2978515625,2444.98999023437
2443.5380859375,2449.15991210937
2439.2080078125,2459.5
2438.348388671875,2455.8798828125
2435.826904296875,2463.85009765625
2436.1064453125,2475.56005859375
2437.88134765625,2467.39990234375
2444.5927734375,2472.0400390625
2451.314697265625,2477.8798828125
2458.3974609375,2479.96997070312
2464.746826171875,2482.76000976562
2468.635498046875,2469.1201171875
2474.59033203125,2475.93994140625
2477.636474609375,2477.10009765625
2481.099365234375,2480.3798828125
2484.32421875,2476.03002929687
2484.50244140625,2476.8798828125
2487.063720703125,2477.13989257812
2489.826904296875,2478.35009765625
2487.61279296875,2465.35009765625
2488.05859375,2465.3798828125
2485.78271484375,2441.0400390625
2488.346435546875,2454.9599609375
2487.325927734375,2468.65991210937
2487.026123046875,2468.6298828125
2483.7431640625,2462.94995117187
2483.6357421875,2427.63989257812
2481.350830078125,2425.5
2478.50537109375,2433.75
2468.57470703125,2444.8798828125
2465.857421875,2447.90991210937
2461.7177734375,2444.71997070312
2468.001220703125,2447.35009765625
2469.7177734375,2431.93994140625
2458.799560546875,2446.06005859375
2451.47607421875,2462.64990234375
2443.6982421875,2474.419921875
2446.1865234375,2470.35009765625
2452.39208984375,2463.830078125
2457.149658203125,2468.06005859375
2459.038818359375,2462.25
2455.664794921875,2474.52001953125
2459.096923828125,2491.93994140625
2461.4130859375,2493.88989257812
2471.6513671875,2494.56005859375
2479.141357421875,2495.669921875
2481.755126953125,2502.51000976563
2481.421630859375,2506.2900390625
2479.755126953125,2506.84008789062
2484.805908203125,2507.15991210937
2491.148681640625,2497.26000976562
2499.58251953125,2499.38989257812
2506.48681640625,2501.0400390625
2507.8271484375,2503.30004882812
2509.266845703125,2503.40991210938
2512.02978515625,2509.9599609375
2515.255859375,2521.19995117187
2516.448974609375,2530.34008789062
2514.5849609375,2533.47998046875
2514.9658203125,2540.86010742187
2513.100341796875,2547.43994140625
2516.071533203125,2551.38989257812
2518.5625,2549.98999023437
2522.828125,2550.6201171875
2528.7060546875,2552.8798828125
2536.37451171875,2555.65991210937
2544.016357421875,2555.57006835937
2549.216552734375,2557.169921875
2554.150146484375,2562.8701171875
2559.231201171875,2553.38989257812
2561.619873046875,2567.56005859375
2563.346923828125,2578.080078125
2563.596435546875,2568.65991210937
2564.896484375,2566.52001953125
2567.301025390625,2560.080078125
2570.411376953125,2570.26000976562
2571.87841796875,2577.75
2571.3515625,2575.98999023437
2574.8447265625,2583.2099609375
2576.58203125,2579.4599609375
2581.839599609375,2581.92993164062
2582.646728515625,2587.46997070312
2579.04443359375,2592.11010742187
2580.391357421875,2588.7099609375
2583.052001953125,2584.0
2588.105712890625,2580.17993164062
2592.595703125,2576.53002929688
2592.37353515625,2577.75
2594.84228515625,2569.44995117188
2595.25244140625,2572.94995117187
2596.88818359375,2582.93994140625
2598.100830078125,2579.48999023437
2596.69140625,2589.169921875
2593.26171875,2600.31005859375
2591.634765625,2600.419921875
2589.3115234375,2602.65991210938
2587.62451171875,2605.93994140625
2589.05615234375,2627.82006835937
2590.270263671875,2633.92993164062
2592.996826171875,2645.10009765625
2600.154541015625,2657.18994140625
2605.39697265625,2639.78002929688
2612.624267578125,2626.23999023437
2618.955322265625,2628.3798828125
2622.959716796875,2646.2099609375
2630.511474609375,2652.18994140625
2636.665283203125,2661.72998046875
2647.64892578125,2667.59008789063
2655.13232421875,2665.8701171875
2656.4189453125,2660.6298828125
2654.997314453125,2685.919921875
2649.333984375,2692.7099609375
2651.4873046875,2688.17993164062
2657.9091796875,2683.02001953125
2669.2373046875,2684.21997070313
2675.596923828125,2679.09008789062
2680.133056640625,2682.10009765625
2681.712890625,2686.10009765625
2686.56884765625,2689.14990234375
2690.659423828125,2683.72998046875
2699.184814453125,2697.85009765625
2699.223388671875,2719.31005859375
2697.9462890625,2731.330078125
2694.931396484375,2742.669921875
2696.69189453125,2751.14990234375
2698.708251953125,2745.55004882812
2703.037109375,2752.96997070313
2706.341064453125,2770.17993164062
2713.566162109375,2798.9599609375
2720.780029296875,2784.98999023437
2735.103271484375,2802.39990234375
2748.96044921875,2802.60009765625
2759.228515625,2809.15991210937
2764.532958984375,2835.05004882812
2771.751708984375,2845.419921875
2777.56787109375,2846.23999023438
2790.248046875,2847.47998046875
2801.494384765625,2867.22998046875
2814.97705078125,2832.73999023437
2816.1337890625,2832.40991210937
2826.32666015625,2816.44995117187
2836.2744140625,2808.919921875
2844.87255859375,2741.06005859375
2854.418212890625,2614.78002929687
2856.953125,2690.94995117187
2856.962158203125,2685.01000976562
2845.55126953125,2601.78002929687
2839.457763671875,2636.75
2816.64111328125,2646.27001953125
2802.071044921875,2651.2099609375
2760.7119140625,2713.4599609375
2711.186279296875,2727.13989257812
2694.568115234375,2722.98999023437
2663.7314453125,2720.53002929687
2662.03955078125,2710.419921875
2666.707275390625,2715.80004882812
2652.299560546875,2757.3701171875
2672.266357421875,2780.44995117187
2691.768310546875,2753.78002929687
2709.964599609375,2715.21997070312
2735.210205078125,2658.88989257812
2739.371826171875,2681.06005859375
2735.479248046875,2730.17993164062
2733.840576171875,2710.17993164063
2737.029296875,2732.75
2749.8388671875,2752.90991210937
2762.072509765625,2790.5400390625
2748.385986328125,2792.31005859375
2717.95556640625,2774.06005859375
2712.17822265625,2754.27001953125
2710.906982421875,2750.57006835937
2728.4365234375,2741.3798828125
2748.646484375,2715.05004882812
2751.34912109375,2714.98999023437
2769.723388671875,2691.36010742187
2782.02490234375,2646.7099609375
2785.395751953125,2619.35009765625
2775.357421875,2667.57006835937
2760.94580078125,2611.30004882812
2746.339111328125,2614.40991210937
2731.13818359375,2633.44995117188
2723.302734375,2592.169921875
2700.885009765625,2584.0400390625
2679.771484375,2657.36010742188
2661.7177734375,2645.82006835937
2648.926025390625,2617.17993164062
2633.05126953125,2638.40991210937
2645.478271484375,2643.88989257812
2631.193603515625,2653.830078125
2623.53515625,2676.89990234375
2625.939453125,2670.10009765625
2628.55615234375,2692.73999023437
2638.85205078125,2710.11010742188
2654.31396484375,2701.15991210937
2653.686279296875,2692.56005859375
2653.210205078125,2675.39990234375
2666.19091796875,2680.80004882813
2676.552734375,2634.919921875
2683.603515625,2651.64990234375
2694.236572265625,2675.46997070312
2699.7861328125,2682.51000976562
2703.7138671875,2642.9599609375
2704.35595703125,2654.23999023437
2697.171142578125,2628.080078125
2691.466796875,2621.44995117188
2670.5966796875,2680.34008789063
2671.58251953125,2670.26000976562
2662.7578125,2678.1201171875
2671.663330078125,2705.02001953125
2673.50439453125,2722.69995117187
2672.039306640625,2738.46997070312
2654.859375,2718.59008789062
2659.7138671875,2712.6201171875
2665.8623046875,2719.7099609375
2676.5400390625,2717.35009765625
2698.442626953125,2735.38989257812
2704.4404296875,2738.34008789062
2716.90185546875,2713.97998046875
2732.014404296875,2730.93994140625
2736.359375,2723.60009765625
2737.168701171875,2705.11010742187
2730.978759765625,2702.42993164062
2731.339111328125,2720.97998046875
2737.5146484375,2718.69995117187
2737.868896484375,2741.669921875
2737.31005859375,2748.4599609375
2738.44384765625,2753.25
2731.7646484375,2774.84008789063
2732.302978515625,2765.84008789062
2728.45361328125,2780.17993164062
2728.93408203125,2785.60009765625
2733.7998046875,2787.93994140625
2746.62548828125,2783.2099609375
2754.34375,2777.78002929687
2766.67431640625,2765.7900390625
2775.746826171875,2752.01000976562
2779.98779296875,2769.72998046875
2788.472412109375,2769.28002929687
2788.276123046875,2760.7900390625
2792.511474609375,2742.93994140625
2794.750732421875,2722.1201171875
2791.9853515625,2728.44995117187
2785.33935546875,2698.68994140625
2776.397705078125,2727.1298828125
2771.074462890625,2704.94995117187
2769.031982421875,2733.27001953125
2767.35400390625,2724.18994140625
2761.709228515625,2737.67993164062
2747.860595703125,2775.6201171875
2740.360107421875,2788.56005859375
2728.9609375,2779.82006835937
2733.4736328125,2783.13989257812
2728.013916015625,2796.92993164062
2742.6357421875,2797.36010742187
2741.353759765625,2789.34008789063
2756.303466796875,2811.35009765625
2766.81494140625,2809.3701171875
2782.5908203125,2804.55004882812
2795.17919921875,2799.169921875
2801.487060546875,2820.67993164062
2802.724365234375,2817.72998046875
2807.088623046875,2835.48999023437
2809.72607421875,2842.35009765625
2815.8134765625,2819.0
2816.763916015625,2809.72998046875
2824.197021484375,2821.169921875
2823.613525390625,2800.47998046875
2825.135986328125,2829.6201171875
2826.36083984375,2840.2900390625
2837.46826171875,2855.919921875
2838.4619140625,2856.7900390625
2841.3486328125,2857.18994140625
2838.95947265625,2838.89990234375
2833.91552734375,2835.4599609375
2830.022216796875,2827.8798828125
2839.093994140625,2827.94995117187
2839.712890625,2831.43994140625
2854.45556640625,2838.32006835937
2859.347900390625,2853.92993164063
2863.6171875,2861.51000976563
2858.49560546875,2860.98999023437
2856.43408203125,2860.2900390625
2848.49609375,2862.35009765625
2847.86474609375,2884.68994140625
2847.806640625,2901.44995117187
2851.664306640625,2900.6201171875
2858.310791015625,2908.93994140625
2867.578857421875,2898.3701171875
2875.993408203125,2896.9599609375
2880.0693359375,2891.59008789062
2881.77734375,2888.63989257813
2888.5888671875,2868.26000976562
2898.0400390625,2881.38989257813
2907.5712890625,2871.57006835937
2914.339111328125,2888.2900390625
2909.7109375,2896.85009765625
2910.610595703125,2906.3798828125
2904.91650390625,2903.830078125
2902.393798828125,2890.73999023437
2896.589599609375,2906.60009765625
2896.77734375,2919.72998046875
2891.97802734375,2936.76000976562
2898.5380859375,2921.830078125
2902.06982421875,2921.75
2912.228759765625,2916.97998046875
2917.160888671875,2911.64990234375
2917.653076171875,2910.03002929688
2919.558837890625,2926.2900390625
2921.343505859375,2923.80004882812
2931.536376953125,2931.68994140625
2935.663330078125,2919.35009765625
2939.217041015625,2902.5400390625
2933.469970703125,2877.53002929687
2932.42333984375,2882.51000976562
2929.14453125,2873.89990234375
2929.28076171875,2776.8701171875
2927.80517578125,2770.5400390625
2932.543701171875,2763.830078125
2926.84375,2767.05004882812
2913.036376953125,2811.669921875
2896.02587890625,2802.0
2882.09228515625,2775.65991210937
2865.352783203125,2773.93994140625
2832.63623046875,2721.03002929687
2819.1640625,2737.8701171875
2785.364013671875,2674.8798828125
2785.035888671875,2667.86010742187
2787.52294921875,2682.64990234375
2792.857666015625,2640.67993164062
2791.224365234375,2705.60009765625
2777.921875,2717.580078125
2751.031005859375,2745.44995117187
2741.41015625,2726.3701171875
2711.322021484375,2738.39990234375
2707.32861328125,2774.1298828125
2691.088134765625,2806.3798828125
2685.31982421875,2794.10009765625
2702.791015625,2773.92993164062
2709.708251953125,2730.05004882812
2742.32763671875,2737.89990234375
2749.205810546875,2693.52001953125
2760.46484375,2718.5400390625
2761.93896484375,2730.73999023438
2778.027099609375,2654.60009765625
2787.7705078125,2657.73999023437
2787.144775390625,2633.36010742187
2766.75390625,2649.96997070312
2747.98583984375,2663.75
2721.6640625,2691.44995117187
2720.18310546875,2736.96997070313
2709.307861328125,2737.76000976562
2695.69775390625,2790.5
2693.108642578125,2782.42993164063
2666.799072265625,2663.51000976562
2673.10107421875,2691.26000976562
2677.715576171875,2630.86010742188
2697.635009765625,2664.43994140625
2712.1923828125,2658.22998046875
2732.068115234375,2658.69995117187
2752.72021484375,2629.67993164062
2754.154296875,2590.75
2727.647216796875,2559.89990234375
2718.04931640625,2547.05004882813
2664.722412109375,2496.77001953125
2669.3583984375,2465.3798828125
2649.630126953125,2400.56005859375
2653.691162109375,2363.1201171875
2635.95654296875,2442.5
2610.85595703125,2498.77001953125
2579.616455078125,2498.93994140625
2551.46337890625,2476.9599609375
2518.6875,2491.919921875
2498.20751953125,2474.330078125
2454.08251953125,2535.61010742187
2433.0009765625,2568.11010742187
2433.4599609375,2580.0
2449.017333984375,2573.51000976562
2490.6904296875,2588.11010742187
2505.912353515625,2580.31005859375
2510.02001953125,2585.10009765625
2507.184814453125,2614.75
2529.34033203125,2609.28002929688
2544.370849609375,2651.27001953125
2575.837646484375,2657.8798828125
2589.854248046875,2643.47998046875
2596.62939453125,2638.84008789062
2598.53076171875,2657.43994140625
2607.137451171875,2644.96997070313
2614.336669921875,2644.88989257812
2623.325439453125,2653.6201171875
2642.915771484375,2685.48999023437
2649.82470703125,2702.32006835937
2661.08349609375,2706.48999023437
2660.759033203125,2728.34008789063
2662.013671875,2735.05004882812
2662.00732421875,2717.53002929688
2669.305908203125,2692.36010742187
2671.258544921875,2712.39990234375
2684.966552734375,2722.61010742187
2699.16162109375,2750.30004882812
2712.939453125,2743.5
2724.754638671875,2760.23999023437
2732.38134765625,2769.28002929687
2736.930908203125,2779.05004882812
2730.808349609375,2780.23999023437
2729.761962890625,2780.669921875
2730.486328125,2804.35009765625
2747.082275390625,2792.36010742187
2756.6826171875,2787.5
2769.702880859375,2788.11010742187
2775.7744140625,2798.21997070312
2785.72119140625,2814.3701171875
2791.006103515625,2794.40991210937
2795.9345703125,2790.27001953125
2801.30078125,2766.53002929687
2804.011474609375,2730.7900390625
2808.17333984375,2747.61010742187
2803.949462890625,2787.34008789062
2802.80419921875,2799.78002929687
2803.2392578125,2810.3798828125
2803.391845703125,2810.7900390625
2806.03369140625,2822.61010742187
2791.53173828125,2840.76000976562
2777.906494140625,2831.34008789062
2775.06982421875,2819.71997070312
2778.433349609375,2844.52001953125
2797.927001953125,2796.01000976562
2816.574951171875,2812.65991210938
2823.508544921875,2819.71997070312
2831.423828125,2809.39990234375
2834.027587890625,2828.27001953125
2839.379638671875,2848.6298828125
2841.7490234375,2868.23999023437
2840.33349609375,2876.09008789062
2829.785888671875,2873.98999023437
2836.010986328125,2884.15991210938
2827.252685546875,2888.4599609375
2834.748291015625,2886.580078125
2843.34375,2881.3701171875
2850.909423828125,2891.919921875
2866.79443359375,2900.86010742188
2880.26953125,2908.32006835937
2887.89501953125,2912.26000976562
2893.3974609375,2916.0400390625
2897.263671875,2904.81005859375
2901.257568359375,2898.78002929687
2903.139892578125,2909.98999023437
2904.650146484375,2934.0
2907.344482421875,2928.98999023437
2914.612548828125,2925.81005859375
2920.191650390625,2940.580078125
2926.142578125,2937.13989257812
2925.2265625,2952.330078125
2923.465087890625,2922.15991210937
2924.546142578125,2929.2099609375
2930.873291015625,2908.88989257812
2938.981689453125,2913.03002929688
2943.599365234375,2879.61010742187
2944.646484375,2859.84008789063
2944.54736328125,2863.10009765625
2950.113037109375,2840.18994140625
2941.14208984375,2820.1201171875
2937.8388671875,2820.3798828125
2922.634765625,2855.80004882812
2918.0341796875,2858.60009765625
2898.290771484375,2841.93994140625
2887.053955078125,2854.02001953125
2875.541015625,2856.06005859375
2864.042724609375,2836.69995117187
2854.989990234375,2832.40991210937
2847.046875,2830.03002929687
2849.638916015625,2790.25
2854.80615234375,2786.93994140625
2862.23876953125,2766.14990234375
2861.86279296875,2751.53002929687
2853.974853515625,2762.63989257812
2850.321044921875,2818.09008789063
2842.951171875,2828.51000976562
2830.4990234375,2852.8701171875
2817.271484375,2885.830078125
2812.77978515625,2903.27001953125
2794.37548828125,2882.72998046875
2789.758544921875,2886.23999023437
2791.354248046875,2886.82006835938
2806.29296875,2889.75
2828.00439453125,2906.7099609375
2857.555419921875,2920.55004882812
2874.134765625,2949.60009765625
2892.718994140625,2952.7099609375
2903.4345703125,2951.419921875
2908.504638671875,2945.78002929688
2904.66015625,2926.07006835938
2909.61279296875,2919.65991210937
2917.63134765625,2932.93994140625
2927.33544921875,2971.40991210937
2941.2734375,2964.65991210937
2950.27783203125,2978.080078125
2960.73876953125,2984.25
2961.9951171875,2979.77001953125
2955.8701171875,2965.52001953125
2952.103271484375,2989.30004882813
2951.50439453125,2999.6201171875
2961.4033203125,3003.36010742188
2971.041748046875,3017.80004882812
2988.310302734375,3012.1298828125
2990.334716796875,3005.10009765625
2996.34228515625,2978.8701171875
2996.638427734375,3004.26000976563
3000.620361328125,2981.92993164063
3002.6591796875,2994.73999023437
3010.893310546875,2998.77001953125
3018.9267578125,3016.26000976563
3020.15478515625,3013.25
3021.13623046875,3024.46997070312
3012.707275390625,3007.65991210937
3012.4091796875,3016.21997070312
3004.637451171875,2980.32006835937
3013.560791015625,2943.89990234375
3009.91015625,2898.07006835938
3018.2958984375,2861.17993164062
3019.0048828125,2858.64990234375
3021.327880859375,2896.2099609375
3013.324462890625,2930.51000976563
3009.705078125,2907.07006835937
2988.5439453125,2880.71997070312
2971.813232421875,2894.14990234375
2940.573486328125,2846.19995117187
2912.685791015625,2864.73999023437
2893.341064453125,2913.47998046875
2891.69873046875,2919.01000976562
2899.33837890625,2922.0400390625
2913.052734375,2930.93994140625
2915.671875,2911.07006835937
2907.08349609375,2866.69995117187
2889.1572265625,2893.13989257812
2896.422607421875,2861.28002929687
2895.643798828125,2910.3701171875
2907.72607421875,2937.09008789062
2926.669677734375,2909.01000976563
2926.8154296875,2924.669921875
2926.494384765625,2960.60009765625
2913.580322265625,2980.330078125
2909.551025390625,2988.42993164062
2895.705322265625,2971.01000976562
2914.90087890625,2981.40991210937
2921.17822265625,3009.080078125
2939.030517578125,3012.2099609375
2950.70068359375,2996.40991210937
2955.00830078125,2995.669921875
2974.32470703125,3001.5
2992.44189453125,3010.36010742187
2997.43603515625,3008.419921875
3000.135009765625,2983.5
3004.16943359375,3002.42993164062
3013.747802734375,2968.35009765625
3019.0244140625,2985.72998046875
3015.443115234375,2985.46997070313
3012.778076171875,2967.07006835938
3012.09912109375,2983.68994140625
3014.35693359375,2924.78002929687
3011.188720703125,2885.3798828125
3007.23291015625,2918.56005859375
2995.5224609375,2944.22998046875
2994.03369140625,2920.39990234375
2981.383056640625,2911.10009765625
2982.342529296875,2918.55004882812
2981.070068359375,2963.07006835938
2957.451904296875,2965.81005859375
2941.973876953125,2973.61010742187
2928.7138671875,2989.67993164062
2930.692626953125,3000.77001953125
2941.4990234375,2996.84008789063
2946.4423828125,2996.47998046875
2943.275390625,3010.72998046875
2955.287841796875,2994.01000976562
2968.60546875,3014.78002929688
2988.39892578125,3003.32006835937
2995.5849609375,3032.1201171875
3002.837158203125,3035.38989257812
3010.032470703125,3039.73999023437
3013.44189453125,3046.89990234375
3016.7509765625,3050.71997070312
3017.975830078125,3078.9599609375
3025.537353515625,3080.80004882812
3025.135986328125,3075.10009765625
3037.435546875,3087.02001953125
3043.16552734375,3081.25
3056.789794921875,3080.330078125
3061.433349609375,3089.28002929688
3067.86767578125,3084.17993164062
3077.015625,3090.75
3084.71826171875,3107.919921875
3093.830322265625,3117.90991210938
3096.57373046875,3127.44995117187
3096.2587890625,3114.65991210938
3101.185302734375,3108.48999023437
3102.69287109375,3111.40991210937
3104.35400390625,3117.43994140625
3109.046875,3134.85009765625
3112.351318359375,3145.48999023437
3121.18701171875,3147.17993164062
3131.026611328125,3143.85009765625
3134.19873046875,3087.40991210938
3135.10107421875,3103.5
3131.91796875,3119.2099609375
3133.372314453125,3134.6201171875
3134.546630859375,3141.86010742187
3142.091552734375,3135.36010742187
3151.0673828125,3135.75
3153.472900390625,3141.22998046875
3137.555419921875,3166.64990234375
3135.005126953125,3183.6298828125
3124.798828125,3195.39990234375
3137.77587890625,3195.2099609375
3149.35498046875,3192.32006835937
3156.57275390625,3223.330078125
3159.822509765625,3226.05004882812
3163.943115234375,3225.44995117187
3172.25,3227.19995117188
3186.227783203125,3247.22998046875
3202.072021484375,3240.09008789062
3211.473388671875,3215.17993164062
3217.365966796875,3244.669921875
3225.541748046875,3226.36010742187
3231.551025390625,3217.55004882812
3240.96533203125,3241.86010742187
3244.397216796875,3238.59008789062
3247.7861328125,3266.03002929687
3248.7412109375,3281.81005859375
3250.41162109375,3271.1298828125
3250.34228515625,3285.35009765625
3245.280029296875,3282.27001953125
3252.194580078125,3302.96997070312
3251.5107421875,3323.65991210937
3256.72119140625,3321.03002929687
3271.124267578125,3330.02001953125
3281.1884765625,3315.77001953125
3294.534423828125,3333.10009765625
3302.26953125,3247.15991210937
3304.3037109375,3255.35009765625
3312.58447265625,3289.4599609375
3321.37841796875,3256.44995117187
3324.11865234375,3282.330078125
3330.49853515625,3235.65991210938
3329.506103515625,3280.61010742188
3326.06884765625,3324.90991210937
3300.645263671875,3344.919921875
3295.6982421875,3335.5400390625
3279.7646484375,3318.28002929687
3284.771728515625,3365.8701171875
3296.784912109375,3370.5
3283.28271484375,3365.89990234375
3298.55859375,3378.080078125
3306.13037109375,3369.0400390625
3335.514404296875,3380.38989257812
3353.41259765625,3380.44995117187
3357.762451171875,3360.5
3362.989501953125,3257.61010742187
3368.708251953125,3238.93994140625
3385.4697265625,3139.89990234375
3385.6015625,3062.5400390625
3375.689208984375,2916.89990234375
3375.2998046875,2974.28002929687
3365.13525390625,3096.4599609375
3348.254638671875,3045.75
3289.724853515625,3075.69995117187
3253.5107421875,2954.19995117187
3176.18798828125,2863.88989257812
3120.909912109375,2813.47998046875
3039.927490234375,2825.60009765625
3016.761962890625,2630.86010742188
2993.37158203125,2569.98999023437
3025.187744140625,2508.59008789062
3046.724609375,2425.65991210938
2973.27197265625,2436.5
2921.452880859375,2393.47998046875
2844.696533203125,2431.93994140625
2794.154296875,2290.7099609375
2700.42626953125,2344.43994140625
2637.42529296875,2457.77001953125
2543.087890625,2501.2900390625
2480.3359375,2555.8701171875
2453.044189453125,2558.97998046875
2422.16455078125,2614.68994140625
2425.34423828125,2498.080078125
2379.355224609375,2458.5400390625
2405.330322265625,2514.919921875
2398.859130859375,2578.28002929687
2459.30615234375,2738.64990234375
2515.35400390625,2685.0
2545.016357421875,2776.98999023437
2575.2890625,2782.4599609375
2548.732666015625,2805.10009765625
2548.13623046875,2795.63989257813
2539.9970703125,2799.34008789062
2567.05224609375,2842.42993164063
2633.030029296875,2845.6201171875
2695.53515625,2784.81005859375
2762.005859375,2787.88989257812
2768.2841796875,2810.419921875
2806.26513671875,2812.63989257812
2808.98876953125,2854.64990234375
2815.897216796875,2909.9599609375
2824.362060546875,2918.4599609375
2832.7294921875,2930.90991210937
2830.32177734375,2869.09008789062
2830.260009765625,2815.01000976563
2820.803466796875,2868.8798828125
2834.175048828125,2883.13989257813
2854.510986328125,2878.26000976562
2869.4716796875,2908.830078125
2898.92236328125,2915.4599609375
2919.357666015625,2939.5
2904.302490234375,2865.86010742187
2884.4326171875,2794.5400390625
2878.16357421875,2829.94995117187
2876.22607421875,2913.86010742187
2892.828125,2948.59008789062
2898.140869140625,2953.6298828125
2902.85205078125,2969.94995117188
2921.627685546875,2948.05004882812
2902.601318359375,3004.080078125
2877.65087890625,3015.64990234375
2871.903564453125,3046.61010742188
2877.107666015625,3025.169921875
2919.95068359375,3038.78002929688
2960.15380859375,3064.78002929687
2978.94921875,3098.89990234375
2983.615966796875,3111.56005859375
3001.4296875,3163.84008789062
3012.572998046875,3199.919921875
3043.4384765625,3213.32006835937
3051.156005859375,3213.419921875
3066.97607421875,3123.53002929687
3075.89990234375,3071.0400390625
3098.412109375,2993.76000976563
3124.6376953125,3131.0
3146.976318359375,3136.1298828125
3165.124267578125,3101.63989257812
3187.870361328125,3140.2900390625
3196.69384765625,3094.419921875
3167.378662109375,3138.69995117187
3135.72900390625,3114.39990234375
3083.3857421875,3046.60009765625
3092.294677734375,3073.19995117187
3098.650634765625,3018.59008789062
3135.89111328125,3050.19995117188
3131.83544921875,3105.919921875
3117.0546875,3143.63989257812
3126.093994140625,3155.2900390625
3110.56884765625,3166.43994140625
3102.36572265625,3153.07006835937
3096.153076171875,3176.169921875
3067.332275390625,3152.46997070312
3085.59228515625,3205.080078125
3090.345703125,3141.11010742187
3123.336181640625,3225.97998046875
3153.02685546875,3208.36010742187
3173.693359375,3224.2099609375
3174.412353515625,3224.2900390625
3185.436767578125,3268.52001953125
3182.963623046875,3254.86010742187
3198.123291015625,3271.63989257813
3188.594970703125,3218.580078125
3218.541748046875,3219.84008789062
3213.011474609375,3234.27001953125
3243.157958984375,3227.21997070312
3238.28515625,3231.76000976563
3251.07080078125,3270.44995117188
3258.744140625,3288.26000976562
3271.27294921875,3289.919921875
3255.944091796875,3317.3701171875
3258.179931640625,3323.169921875
3245.82861328125,3340.05004882812
3251.032958984375,3356.0400390625
3260.784912109375,3370.34008789062
3271.37890625,3355.4599609375
3287.75390625,3372.94995117187
3308.97705078125,3368.65991210938
3324.365478515625,3380.86010742188
3334.55908203125,3387.0400390625
3351.00341796875,3392.51000976562
3361.007568359375,3360.47998046875
3373.142578125,3386.01000976562
3380.171142578125,3418.09008789062
3386.89990234375,3435.94995117187
3382.5625,3449.96997070312
3391.475830078125,3485.13989257812
3397.732666015625,3494.68994140625
3404.806640625,3509.72998046875
3404.331787109375,3507.43994140625
3411.730224609375,3543.76000976562
3418.217041015625,3564.73999023437
3442.489990234375,3453.60009765625
3463.931640625,3371.8798828125
3484.742431640625,3369.82006835937
3501.69775390625,3412.56005859375
3510.71142578125,3352.69995117187
3512.03076171875,3363.56005859375
3519.390625,3407.72998046875
3520.778564453125,3411.22998046875
3488.237548828125,3346.86010742187
3451.0234375,3357.3798828125
3419.32177734375,3285.57006835937
3399.585205078125,3295.75
3387.97412109375,3320.11010742187
3394.833740234375,3226.13989257812
3379.16015625,3236.65991210937
3388.215576171875,3333.89990234375
3384.718994140625,3350.919921875
3368.29150390625,3341.2099609375
3324.71484375,3385.8701171875
3330.4775390625,3338.93994140625
3311.261962890625,3367.27001953125
3290.380859375,3408.73999023438
3301.402099609375,3384.56005859375
3296.296630859375,3434.28002929687
3327.58544921875,3459.669921875
3366.21435546875,3500.02001953125
3378.5537109375,3534.01000976562
3377.467041015625,3515.46997070312
3396.9599609375,3453.71997070312
3398.52587890625,3493.5
3418.205322265625,3493.65991210938
3443.68603515625,3439.3798828125
3452.245849609375,3439.90991210937
3486.318359375,3438.5
3509.146240234375,3464.89990234375
3516.593505859375,3441.419921875
3505.318603515625,3403.14990234375
3498.43310546875,3342.47998046875
3486.48583984375,3277.169921875
3482.61279296875,3293.59008789062
3469.239990234375,3296.19995117188
3445.29150390625,3336.25
3444.00830078125,3406.4599609375
3435.90673828125,3485.73999023437
3421.5244140625,3508.34008789062
3387.703125,3583.0400390625
3348.880615234375,3543.26000976562
3336.58349609375,3563.21997070313
3329.223876953125,3562.669921875
3357.705322265625,3552.57006835937
3392.907958984375,3600.15991210937
3445.6259765625,3610.31005859375
3499.71630859375,3612.09008789062
3545.42724609375,3559.40991210938
3564.342041015625,3579.31005859375
3588.560791015625,3566.82006835937
3579.641845703125,3594.52001953125
3582.805419921875,3635.5
3590.922607421875,3638.55004882812
3598.191162109375,3634.17993164063
3618.1240234375,3645.8701171875
3610.035400390625,3653.78002929687
3610.12109375,3668.28002929687
3597.898193359375,3670.93994140625
3611.466064453125,3694.72998046875
3623.402587890625,3683.05004882812
3643.58837890625,3705.97998046875
3659.401611328125,3659.1298828125
3664.785888671875,3656.080078125
3668.972412109375,3675.27001953125
3679.682861328125,3666.40991210937
3683.51220703125,3696.25
3691.5361328125,3713.64990234375
3697.51123046875,3722.38989257812
3706.212646484375,3684.28002929687
3698.050537109375,3698.080078125
3699.224853515625,3693.419921875
3689.14794921875,3694.03002929687
3690.632080078125,3723.03002929688
3701.41748046875,3750.01000976562
3708.77197265625,3736.18994140625
3722.7255859375,3733.27001953125
3724.44482421875,3764.61010742188
3725.45947265625,3698.02001953125
3715.848876953125,3712.19995117187
3722.579345703125,3764.7099609375
3731.552978515625,3815.05004882812
3736.783935546875,3803.13989257812
3749.339111328125,3801.6201171875
3761.496337890625,3802.22998046875
3762.837158203125,3814.97998046875
3754.12939453125,3788.72998046875
3763.291748046875,3781.8798828125
3758.538818359375,3816.21997070312
3786.679931640625,3857.4599609375
3810.122802734375,3844.23999023437
3822.95849609375,3851.67993164062
3823.01025390625,3862.9599609375
3826.259521484375,3836.830078125
3824.40576171875,3755.75
3826.04150390625,3778.05004882812
3826.958984375,3731.169921875
3837.842529296875,3791.84008789062
3846.365966796875,3840.27001953125
3857.660400390625,3836.65991210938
3851.076416015625,3878.30004882812
3848.850341796875,3892.59008789063
3823.9287109375,3910.48999023437
3816.17822265625,3920.78002929687
3788.807861328125,3916.39990234375
3808.09423828125,3911.64990234375
3819.829345703125,3939.61010742187
3855.3134765625,3918.5
3882.04345703125,3915.86010742187
3894.27001953125,3921.15991210937
3918.35595703125,3885.55004882812
3927.94140625,3857.07006835937
3934.018310546875,3873.7099609375
3937.831787109375,3915.80004882812
3935.18896484375,3839.65991210937
3930.946533203125,3842.51000976562
3935.3095703125,3903.63989257812
3932.206298828125,3863.98999023437
3915.871337890625,3818.53002929688
3903.00830078125,3793.580078125
3897.3427734375,3844.38989257812
3892.67724609375,3851.92993164062
3882.247802734375,3891.98999023438
3882.09619140625,3915.5400390625
3870.607421875,3924.52001953125
3876.9140625,3942.9599609375
3877.9580078125,3973.59008789062
3857.81689453125,3949.57006835937
3853.745361328125,3953.5
3864.24267578125,3913.13989257812
3896.936767578125,3916.47998046875
3914.306396484375,3937.60009765625
3937.759521484375,3919.92993164062
3947.1552734375,3879.34008789062
3957.29736328125,3917.1201171875
3967.054443359375,3969.31005859375
3970.290283203125,3963.34008789063
3949.281982421875,3967.25
3947.901611328125,3992.78002929687
3943.484375,4034.43994140625
3944.31689453125,4075.57006835938
3942.22119140625,4074.2900390625
3943.400390625,4089.94995117188
3951.603515625,4096.10986328125
3979.7470703125,4124.7099609375
4002.871337890625,4130.10009765625
4012.994873046875,4141.580078125
4033.1572265625,4139.759765625
4062.97412109375,4174.14013671875
4089.14306640625,4179.7998046875
4110.0009765625,4159.18017578125
4117.17333984375,4128.419921875
4132.2861328125,4170.4599609375
4144.67236328125,4138.77978515625
4157.96533203125,4185.02978515625
4159.72265625,4188.25
4173.830078125,4185.14013671875
4178.29345703125,4206.14013671875
4190.3544921875,4198.10009765625
4183.03759765625,4191.97998046875
4179.103515625,4179.0400390625
4175.794921875,4177.06005859375
4193.8115234375,4169.14013671875
4192.64599609375,4210.33984375
4206.7470703125,4228.2900390625
4210.8125,4150.33984375
4211.001953125,4130.5498046875
4220.4990234375,4074.98999023438
4214.75390625,4129.580078125
4202.80859375,4169.919921875
4191.31884765625,4165.93994140625
4191.091796875,4098.4501953125
4198.7421875,4121.97021484375
4201.78955078125,4168.60986328125
4188.537109375,4170.16015625
4141.93115234375,4205.93994140625
4138.44482421875,4191.58984375
4143.9052734375,4201.93994140625
4168.2509765625,4210.77001953125
4167.166015625,4216.52001953125
4165.7373046875,4206.81982421875
4159.939453125,4191.43017578125
4182.3544921875,4206.0498046875
4206.078125,4229.33984375
4212.705078125,4233.81005859375
4221.017578125,4232.990234375
4222.37890625,4228.56005859375
4229.7783203125,4242.89990234375
4233.828125,4248.31005859375
4233.169921875,4255.27978515625
4230.197265625,4248.8701171875
4233.9013671875,4220.3701171875
4246.3076171875,4204.77978515625
4255.19189453125,4173.39990234375
4256.33251953125,4224.60986328125
4254.18017578125,4249.27001953125
4253.87646484375,4256.97021484375
4256.3349609375,4274.4501953125
4261.33203125,4284.89990234375
4258.91650390625,4293.2099609375
4248.59375,4290.64990234375
4233.64404296875,4300.72998046875
4237.0654296875,4326.60009765625
4244.12353515625,4356.4599609375
4272.484375,4351.009765625
4287.48193359375,4321.06982421875
4300.01318359375,4329.3798828125
4312.7939453125,4372.41015625
4321.04931640625,4381.06982421875
4325.2646484375,4380.10986328125
4333.44677734375,4369.02001953125
4350.6533203125,4367.43017578125
4367.58349609375,4296.39990234375
4370.7705078125,4265.10986328125
4367.037109375,4331.1298828125
4366.0751953125,4361.27001953125
4368.62353515625,4381.2001953125
4380.8466796875,4409.580078125
4385.0244140625,4416.3798828125
4384.43994140625,4402.9501953125
4360.57421875,4403.58984375
4347.95458984375,4395.1201171875
4337.6376953125,4406.85986328125
4351.63720703125,4392.740234375
4386.89794921875,4415.9501953125
4406.8251953125,4408.85986328125
4421.40869140625,4429.06982421875
4428.33544921875,4437.77001953125
4430.62451171875,4435.7900390625
4425.33447265625,4442.18017578125
4427.384765625,4446.080078125
4427.1357421875,4464.83984375
4433.90576171875,4461.64990234375
4433.818359375,4462.1201171875
4444.759765625,4440.93994140625
4450.65771484375,4382.43994140625
4459.68701171875,4410.56005859375
4465.46435546875,4450.2900390625
4465.9599609375,4484.39990234375
4463.541015625,4490.4501953125
4468.4853515625,4493.75
4478.6953125,4474.10009765625
4473.16552734375,4513.759765625
4458.46435546875,4529.75
4453.68603515625,4528.7998046875
4450.2607421875,4534.47998046875
4477.501953125,4532.419921875
4502.794921875,4535.3798828125
4516.7685546875,4518.08984375
4520.72265625,4513.02001953125
4524.1123046875,4506.919921875
4530.6708984375,4474.81005859375
4545.01953125,4479.330078125
4550.10595703125,4447.490234375
4549.42236328125,4477.08984375
4545.89697265625,4469.740234375
4542.3291015625,4402.9501953125
4532.15966796875,4374.4501953125
4525.935546875,4367.43017578125
4515.5400390625,4406.75
4497.27001953125,4438.0400390625
4476.33154296875,4442.1201171875
4472.4736328125,4419.5400390625
4466.2490234375,4362.41015625
4461.55224609375,4370.669921875
4443.111328125,4317.16015625
4416.3251953125,4348.83984375
4406.2109375,4309.8701171875
4416.43310546875,4319.56982421875
4430.046875,4383.72998046875
4435.08203125,4406.509765625
4411.37060546875,4385.43994140625
4395.03125,4368.31005859375
4372.8974609375,4358.009765625
4372.53076171875,4386.75
4355.02392578125,4447.68994140625
4363.31640625,4463.72021484375
4363.74169921875,4497.33984375
4387.59033203125,4524.419921875
4414.72900390625,4532.240234375
4418.06201171875,4546.1201171875
4410.5283203125,4553.68994140625
4416.72705078125,4578.68994140625
4438.24169921875,4580.22021484375
4470.208984375,4562.83984375
4504.84375,4572.8701171875
4527.08349609375,4610.6201171875
4548.787109375,4613.33984375
4562.66357421875,4630.64990234375
4572.462890625,4662.93017578125
4588.5888671875,4699.259765625
4597.30224609375,4701.47998046875
4607.3681640625,4707.25
4610.775390625,4670.259765625
4617.9462890625,4659.39013671875
4634.76904296875,4655.240234375
4658.1279296875,4689.2998046875
4668.8515625,4679.419921875
4684.65478515625,4701.5
4702.1376953125,4700.72021484375
4719.0810546875,4708.43994140625
4714.10595703125,4712.0
4708.5283203125,4678.47998046875
4695.111328125,4675.77978515625
4697.2705078125,4664.6298828125
4704.44873046875,4628.75
4712.2109375,4640.25
4712.1611328125,4602.81982421875
4718.1806640625,4504.72998046875
4712.24951171875,4589.490234375
4710.63134765625,4548.3701171875
4697.0869140625,4631.97021484375
4673.00830078125,4690.85986328125
4662.466796875,4691.0
4649.37744140625,4687.64013671875
4637.41748046875,4710.2998046875
4600.07666015625,4642.990234375
4605.77392578125,4636.4599609375
4591.8037109375,4719.1298828125
4635.7548828125,4652.5
4648.02587890625,4587.89990234375
4683.93896484375,4594.9599609375
4715.9375,4650.35986328125
4709.751953125,4703.9599609375
4689.16796875,4733.990234375
4683.8291015625,4795.490234375
4678.40380859375,4788.64013671875
4682.6962890625,4794.22998046875
4679.50830078125,4775.2099609375
4661.4130859375,4778.14013671875
4660.14990234375,4804.509765625
4693.2880859375,4787.990234375
4734.9169921875,4693.39013671875
4770.88623046875,4697.66015625
4795.8515625,4655.33984375
4815.69677734375,4669.14013671875
4797.60546875,4728.58984375
4794.64501953125,4733.56005859375
4784.8974609375,4637.990234375
4782.14013671875,4632.240234375
4766.3642578125,4588.02978515625
4751.66943359375,4547.35009765625
4701.623046875,4471.3798828125
4695.41064453125,4356.31982421875
4687.5302734375,4366.64013671875
4695.3798828125,4408.43017578125
4678.7529296875,4380.580078125
4657.69091796875,4336.18994140625
4601.9140625,4431.7900390625
4570.357421875,4519.56982421875
4518.1748046875,4566.39013671875
4443.30810546875,4535.41015625
4432.52783203125,4482.7900390625
4404.078125,4505.75
4415.876953125,4480.02001953125
4424.39599609375,4547.0
4434.90185546875,4553.240234375
4461.68701171875,4506.27001953125
4515.27783203125,4412.60986328125
4554.02392578125,4429.27978515625
4553.0068359375,4455.75
4534.7861328125,4456.06005859375
4505.87890625,4384.56982421875
4518.51025390625,4332.740234375
4523.98193359375,4324.93017578125
4535.36376953125,4155.77001953125
4486.87255859375,4298.3798828125
4461.79052734375,4354.169921875
4432.3955078125,4363.14013671875
4433.3701171875,4322.56005859375
4415.4169921875,4401.31005859375
4395.34619140625,4342.1201171875
4358.56640625,4327.009765625
4276.03759765625,4202.66015625
4311.87939453125,4223.10009765625
4297.20654296875,4252.5498046875
4354.451171875,4279.5
4357.74560546875,4202.75
4360.45458984375,4188.81982421875
4348.19140625,4288.14013671875
4357.11083984375,4345.10986328125
4284.31884765625,4407.33984375
4273.837890625,4462.39990234375
4252.6904296875,4469.10009765625
4270.103515625,4493.10009765625
4270.52001953125,4469.97998046875
4277.35595703125,4522.91015625
4282.73876953125,4541.08984375
4321.96630859375,4602.85986328125
4389.72314453125,4624.2001953125
4439.15087890625,4599.02001953125
4477.9306640625,4540.31982421875
4508.02978515625,4547.97021484375
4516.7919921875,4572.4501953125
4536.00537109375,4494.169921875
4543.58984375,4474.64990234375
4574.83544921875,4494.14990234375
4599.30859375,4462.64013671875
4608.90380859375,4437.58984375
4590.38916015625,4394.2998046875
4575.18994140625,4449.1201171875
4552.48193359375,4385.6298828125
4537.2626953125,4390.6298828125
4522.04345703125,4472.259765625
4499.54296875,4489.169921875
4481.6904296875,4385.830078125
4473.79052734375,4255.33984375
4458.6103515625,4278.14013671875
4450.28076171875,4186.52001953125
4429.5439453125,4222.580078125
4428.20947265625,4253.75
4417.9345703125,4130.60986328125
4425.865234375,4159.77978515625
4408.9443359375,4181.18017578125
4350.3759765625,4270.43017578125
4305.6103515625,4128.169921875
4240.21240234375,4081.27001953125
4247.6748046875,4035.17993164063
4229.94677734375,3990.080078125
4202.51171875,3903.94995117187
4199.6416015625,3963.89990234375
4166.20263671875,4013.02001953125
4184.171875,4052.0
4150.99169921875,4051.97998046875
4137.51708984375,3899.0
4081.06591796875,3927.76000976562
4044.39794921875,3919.419921875
3993.8671875,3942.93994140625
3980.0244140625,3929.59008789063
3973.726806640625,3984.60009765625
4008.77392578125,4077.42993164062
4027.79296875,4151.08984375
3983.499267578125,4149.77978515625
3990.041748046875,4095.40991210938
3946.862060546875,4137.56982421875
3965.429931640625,4134.72021484375
3976.66162109375,4096.47021484375
4005.9609375,4147.1201171875
4040.501708984375,4101.64990234375
4094.880615234375,3974.38989257813
4135.30859375,3838.14990234375
4152.85205078125,3763.52001953125
4145.61962890625,3764.05004882813
4120.8291015625,3728.17993164062
4120.8544921875,3665.89990234375
4110.58203125,3715.31005859375
4074.885009765625,3733.88989257813
4005.5830078125,3774.7099609375
3915.971923828125,3821.75
3838.049560546875,3920.76000976563
3797.16650390625,3913.0
3764.568603515625,3825.09008789062
3742.3134765625,3785.98999023438
3743.633544921875,3781.0
3745.619384765625,3792.61010742188
3782.691162109375,3831.97998046875
3804.923828125,3858.85009765625
3843.85986328125,3888.26000976562
3874.205078125,3880.93994140625
3880.543701171875,3851.94995117187
3857.085205078125,3779.669921875
3827.948974609375,3763.98999023437
3821.7939453125,3818.0
3831.64599609375,3883.7900390625
3841.177001953125,3860.72998046875
3861.382568359375,3935.32006835937
3875.92919921875,3955.46997070312
3880.525634765625,3998.42993164062
3848.02734375,3965.71997070312
3836.959716796875,3953.21997070312
3830.843505859375,3951.42993164063
3855.81787109375,4026.1298828125
3892.39794921875,4087.330078125
3927.833984375,4112.3798828125
3941.206787109375,4104.2099609375
3985.107421875,4107.9599609375
3995.982421875,4154.85009765625
4007.148193359375,4115.8701171875
4003.068603515625,4155.93017578125
4021.881591796875,4133.10986328125
4055.860107421875,4181.02001953125
4100.06640625,4227.39990234375
4127.5205078125,4225.02001953125
4137.41064453125,4269.3701171875
4147.0830078125,4290.4599609375
4155.33837890625,4280.39990234375
4175.73046875,4273.1298828125
4172.43603515625,4266.31005859375
4196.447265625,4195.080078125
4212.5380859375,4133.08984375
4242.73291015625,4126.5498046875
4266.9169921875,4153.259765625
4268.5361328125,4198.740234375
4280.2470703125,4034.580078125
4278.90478515625,4041.25
4264.44384765625,4000.669921875
4244.98388671875,3936.72998046875
4192.69384765625,3994.65991210938
4161.7890625,3930.88989257812
4138.96875,3909.42993164062
4137.546875,3959.93994140625
4094.517578125,4022.93994140625
4089.345703125,4083.669921875
4020.693359375,4037.1201171875
4003.8017578125,3940.72998046875
3996.288818359375,3932.40991210937
3973.111328125,3880.94995117187
3982.857177734375,3849.90991210937
3966.016845703125,3875.22998046875
3979.835205078125,3871.39990234375
4014.203857421875,3782.36010742188
4027.753173828125,3727.13989257812
3997.994384765625,3682.71997070312
3970.719482421875,3686.43994140625
3912.2041015625,3651.93994140625
3888.792724609375,3687.01000976562
