Actual,Predicted
32.78999999999999,31.03179
31.229999999999997,31.824152
29.83,29.211355
29.320000000000004,28.26239
27.799999999999994,28.327242
26.71999999999999,26.49139
25.19,25.750237
24.04,24.287302
23.719999999999995,23.273127
23.1,23.290976
22.45,22.638464
22.260000000000005,21.796835
22.91,22.015284
24.23,23.706211
25.829999999999995,25.549797
27.74,27.268093
29.01,29.09332
30.029999999999994,29.804783
30.759999999999994,30.554241
31.59,31.08977
31.719999999999995,31.920221
32.11,31.521383
31.96999999999999,31.83768
32.05,31.177988
30.46999999999999,31.270494
25.8,28.49055
26.349999999999994,23.61913
25.49,25.90315
24.86,24.616255
23.59,24.080904
22.820000000000004,22.642588
22.11,22.153477
21.29,21.474756
21.06,21.082565
21.52,20.79821
21.939999999999998,21.86572
22.66,22.53558
23.340000000000003,23.452986
24.280000000000005,23.989685
25.899999999999995,24.924723
27.969999999999995,26.951256
30.06,29.371515
30.409999999999997,31.391323
29.709999999999997,30.744675
29.819999999999997,28.912834
28.419999999999998,29.354065
28.05,26.939087
27.569999999999997,27.157349
26.69,26.403112
26.6,25.361937
25.61,25.74471
24.74,24.540089
24.519999999999996,23.781958
24.35,24.033098
23.54,23.946764
22.899999999999995,22.617023
22.289999999999996,22.194057
21.440000000000005,21.542267
20.760000000000005,20.685637
20.56,20.218979
21.080000000000002,20.203035
21.62,21.43333
23.019999999999996,22.36121
25.319999999999997,24.280523
26.390000000000004,27.007965
28.4,27.337915
28.669999999999995,29.512695
29.51,28.918167
29.299999999999994,29.840166
27.79,28.844147
25.759999999999994,26.236898
22.899999999999995,23.898098
23.259999999999998,21.41799
23.879999999999992,22.871515
23.33,23.672707
22.850000000000005,22.444664
22.53,22.040943
22.44,22.160316
21.950000000000003,22.303741
21.270000000000003,21.659649
20.640000000000004,20.648094
20.299999999999997,19.787102
19.98,19.815668
20.010000000000005,19.584793
20.439999999999998,19.877722
21.200000000000003,20.8727
22.76,22.109907
24.519999999999996,24.110554
26.36,25.929993
27.729999999999993,27.63832
28.359999999999992,28.544806
29.399999999999995,28.700222
29.639999999999997,29.775818
29.559999999999995,29.643581
30.04,29.095638
29.779999999999998,29.783817
29.169999999999998,28.946121
28.439999999999998,27.930592
27.27,27.168417
26.199999999999992,25.831577
25.289999999999992,24.995604
24.729999999999993,24.374933
24.34,23.933924
23.979999999999997,23.598677
23.43,23.300539
22.770000000000003,22.69524
22.22,22.116564
22.309999999999995,21.665613
22.61,22.335068
23.489999999999995,22.92034
25.23999999999999,24.410528
27.049999999999994,26.603792
29.01,28.410872
30.029999999999994,30.283113
30.96,30.708984
31.259999999999998,31.396166
32.47999999999999,31.298384
31.959999999999997,32.88444
32.11,31.245533
31.839999999999996,31.445253
31.179999999999996,30.757044
29.71999999999999,29.767052
27.989999999999995,27.945374
26.469999999999995,26.49673
25.02,25.248407
23.01,23.99202
22.2,22.039085
22.429999999999996,21.66419
22.32,22.229939
18.38,22.303768
18.889999999999997,17.689152
18.81,19.253378
18.769999999999996,18.714529
18.85,18.711077
19.37,18.708466
20.109999999999996,19.560387
20.739999999999995,20.637783
21.91,21.33165
22.39,22.883368
21.43,22.697374
20.879999999999995,20.687538
20.380000000000003,20.194056
19.86,19.689129
19.329999999999995,19.131453
18.79,18.585205
19.12,18.01273
18.950000000000003,18.865793
18.869999999999997,18.909353
18.340000000000003,18.832718
18.2,17.912985
18.089999999999996,17.991255
17.77,17.845947
17.76,17.46028
17.55,17.592428
17.249999999999996,17.288006
16.95,16.968931
16.779999999999998,16.644047
17.09,16.605719
18.71,17.36093
20.67,20.22166
21.48,22.39632
21.84,22.383137
22.309999999999995,22.046144
22.689999999999998,22.312283
22.680000000000003,22.642923
23.05999999999999,22.328245
23.33,22.842415
22.859999999999996,22.968765
22.560000000000002,22.120298
22.08,21.990679
21.03,21.388445
20.36,19.986984
19.429999999999996,19.631044
18.25,18.600817
17.06,17.391096
16.379999999999995,16.322123
16.009999999999998,15.890261
15.67,15.624958
15.139999999999999,15.513448
15.010000000000003,14.802955
15.86,14.994493
17.06,16.887497
18.92,18.459263
20.319999999999997,20.562359
22.239999999999995,21.431753
23.38,23.366705
24.3,23.958961
24.98,24.719774
25.219999999999995,25.138735
25.809999999999995,25.050838
26.029999999999998,25.740482
26.129999999999992,25.718534
25.359999999999992,25.676609
24.689999999999998,24.291525
22.770000000000003,23.648033
21.150000000000002,21.215963
20.199999999999996,20.198788
19.47,19.446085
18.86,18.840864
18.72,18.289366
17.74,18.361074
17.09,17.08307
17.07,16.836596
16.689999999999998,17.077747
17.199999999999996,16.454556
18.62,17.751554
20.62,20.094955
22.949999999999996,22.392494
24.25,24.739727
25.439999999999998,25.26775
26.24,26.01086
26.5,26.527102
26.319999999999993,26.480917
25.78,25.755201
25.17,24.833199
24.259999999999994,24.040186
23.340000000000003,22.976242
22.64,22.197092
21.440000000000005,21.704828
20.92,20.427797
18.390000000000004,20.285307
17.730000000000004,17.154713
16.910000000000004,17.36501
15.780000000000001,16.360735
15.069999999999999,15.209313
15.159999999999997,14.637513
15.150000000000002,15.343319
15.279999999999998,15.299729
15.410000000000004,15.574579
15.039999999999996,15.659131
15.230000000000002,14.828606
14.800000000000002,15.2514
15.95,14.4642515
17.369999999999997,16.959728
18.35,18.517277
19.53,19.247168
19.94,20.215546
19.93,20.094938
19.890000000000004,19.633495
19.32,19.540228
18.970000000000002,18.605202
17.82,18.25847
17.149999999999995,16.708246
15.99,16.386341
14.78,15.099197
14.09,14.078589
13.779999999999998,13.589779
13.41,13.475021
12.839999999999998,13.105567
12.550000000000004,12.518265
12.32,12.373545
12.360000000000003,12.186721
12.699999999999998,12.491124
13.75,13.122155
14.879999999999997,14.897187
15.86,15.994976
17.780000000000005,16.708515
18.88,18.938936
19.34,19.465736
19.569999999999997,19.490116
20.28,19.367525
20.5,20.295675
20.389999999999997,20.222265
20.27,19.896969
20.23,19.68229
19.51,19.748585
18.88,18.718193
17.48,18.17315
16.12,16.426077
15.2,15.318877
14.260000000000003,14.59731
13.449999999999998,13.699533
12.889999999999999,12.926074
12.310000000000002,12.457942
11.879999999999999,11.841915
11.539999999999997,11.683167
12.159999999999998,11.422264
13.320000000000002,12.99146
14.759999999999996,14.684974
16.659999999999997,16.198372
18.360000000000003,18.09945
20.109999999999996,19.445467
21.250000000000004,21.01296
21.849999999999998,21.72838
22.33,21.984234
22.98999999999999,22.20967
23.36,22.956318
22.820000000000004,23.124346
22.479999999999997,21.946905
21.6,21.670494
20.62,20.504744
19.720000000000002,19.579079
18.62,18.865837
18.32,17.759005
17.5,17.795258
16.930000000000003,16.801588
16.499999999999996,16.415258
16.420000000000005,16.152065
16.48,16.549917
16.519999999999996,16.68481
17.12,16.748655
17.86,17.825418
18.699999999999996,18.709414
20.27,19.567188
21.55,21.413986
22.52,22.44195
23.769999999999996,23.058004
24.57999999999999,24.353151
24.95,24.899635
25.619999999999994,24.977224
26.159999999999993,25.73981
26.48,26.17369
25.829999999999995,26.311438
24.599999999999998,24.938316
23.340000000000003,23.183609
22.37,22.029661
22.070000000000004,21.418243
21.919999999999998,21.443274
21.169999999999998,21.317942
20.55,20.302042
18.71,19.826927
17.38,17.794722
16.910000000000004,16.934942
16.97,16.638268
16.639999999999997,16.873085
16.99,16.222694
17.69,17.341408
18.290000000000003,18.487507
18.52,18.991467
18.84,18.752337
17.730000000000004,18.980455
16.83,16.920658
16.790000000000003,16.124695
17.43,16.476774
17.389999999999997,17.48339
17.269999999999996,17.12845
17.19,16.936337
17.23,16.854649
17.09,17.090046
16.8,16.847084
16.759999999999998,16.483128
16.650000000000002,16.523224
16.48,16.461336
16.43,16.248587
16.26,16.299562
15.819999999999999,16.071276
15.38,15.447259
15.039999999999996,14.986304
15.739999999999998,14.700814
16.840000000000003,16.33452
18.390000000000004,17.97703
20.450000000000003,19.738518
21.35,21.954914
22.070000000000004,22.046621
23.57,22.421593
23.129999999999992,24.129301
23.07999999999999,22.66122
22.850000000000005,22.58775
22.619999999999997,22.158075
21.189999999999998,21.933292
19.61,19.79915
19.350000000000005,18.546133
19.239999999999995,18.74147
18.31,18.844826
17.999999999999996,17.556627
15.819999999999999,17.557508
14.85,14.652388
14.09,14.575424
13.600000000000001,13.750715
13.390000000000002,13.293972
12.530000000000001,13.071507
12.299999999999997,11.949374
12.75,12.079599
13.539999999999996,13.290618
14.339999999999996,14.509752
14.929999999999998,15.218416
16.14,15.425648
16.860000000000003,16.97216
17.850000000000005,17.276505
17.850000000000005,18.431505
18.74,17.604286
19.020000000000003,18.935143
19.329999999999995,18.808558
18.950000000000003,19.22206
18.080000000000002,18.306482
17.41,17.157495
16.61,16.619062
16.12,15.841153
15.010000000000003,15.538274
14.03,14.197786
13.329999999999997,13.395704
13.040000000000003,12.795411
12.120000000000001,12.8999195
11.370000000000001,11.5227
10.939999999999998,10.941108
10.56,10.62443
11.729999999999999,10.285267
13.259999999999996,12.956001
15.159999999999997,14.823166
17.149999999999995,16.887823
19.03,18.581942
20.330000000000002,20.133816
21.510000000000005,20.903313
22.429999999999996,21.933039
22.929999999999996,22.605974
23.629999999999995,22.82979
24.539999999999996,23.585047
24.22,24.569078
23.78,23.55227
23.189999999999998,22.976877
19.840000000000003,22.268753
18.939999999999998,18.03386
17.920000000000005,18.451227
17.09,17.156189
16.759999999999998,16.492714
16.41,16.315622
16.399999999999995,15.979702
15.86,16.260279
14.989999999999998,15.688571
14.470000000000002,14.633218
13.950000000000001,14.126583
14.080000000000002,13.567109
14.11,14.080228
14.92,14.141474
15.799999999999999,15.789411
16.230000000000004,16.786058
16.49,16.715046
16.39,16.583534
16.230000000000004,16.129932
17.01,15.86388
17.470000000000002,17.163403
17.470000000000002,17.501783
17.439999999999998,17.226501
17.16,17.160955
17.06,16.749018
16.73,16.730244
16.060000000000002,16.273417
16.05,15.383225
16.12,15.761323
16.009999999999998,16.057043
15.780000000000001,15.878096
15.58,15.569741
15.559999999999997,15.363392
15.53,15.46305
15.509999999999996,15.43319
16.210000000000004,15.440663
17.04,16.904812
18.559999999999995,17.946476
19.3,19.837675
20.72,19.9246
22.379999999999995,21.541512
22.680000000000003,23.280537
22.61,22.908964
23.38,22.27687
23.819999999999997,23.467209
23.939999999999998,23.756378
23.59,23.597347
22.94,22.845736
21.4,21.904154
19.81,20.008072
18.93,18.880835
18.189999999999998,18.236626
17.529999999999998,17.532293
16.82,16.943192
16.15,16.245274
15.73,15.626128
15.459999999999999,15.488627
15.32,15.424736
16.26,15.389097
17.850000000000005,17.454412
19.890000000000004,19.4856
21.91,21.669607
23.889999999999997,23.408092
26.099999999999998,25.088312
26.869999999999997,27.251755
27.799999999999994,27.320423
28.359999999999992,28.13088
29.179999999999993,28.3624
28.87,29.274439
28.909999999999997,28.154642
28.289999999999992,28.23519
27.099999999999994,27.057095
25.09,25.532772
23.629999999999995,23.464308
22.859999999999996,22.583134
21.77,22.114693
20.859999999999996,20.966902
20.62,20.193012
20.09,20.183039
19.51,19.627775
19.260000000000005,19.223942
19.160000000000004,19.118332
19.61,19.164295
21.38,20.198902
23.07999999999999,23.10736
24.74,24.691862
25.96,26.018917
26.879999999999992,26.706104
28.059999999999995,27.326336
28.719999999999995,28.544321
28.369999999999997,28.986084
23.749999999999996,27.811478
20.16,21.238789
21.98,19.075804
23.179999999999993,22.21459
23.220000000000002,23.136349
23.049999999999997,22.425528
21.31,22.165974
20.26,20.068676
19.12,20.184748
18.649999999999995,19.003016
18.1,18.302197
17.41,17.36072
17.170000000000005,16.737759
16.639999999999997,16.73206
16.63,16.289436
17.41,16.760384
18.76,18.424034
19.86,20.27721
20.999999999999996,20.97181
21.03,21.860851
18.23,21.001951
16.77,16.896744
16.17,16.270315
15.830000000000002,15.524876
16.009999999999998,15.282474
15.769999999999996,15.606134
15.32,15.130396
14.929999999999998,14.688605
15.26,14.719905
15.279999999999998,15.539839
15.430000000000001,15.295099
15.05,15.534225
14.92,14.730636
14.879999999999997,14.733273
14.809999999999997,14.693878
14.660000000000004,14.646431
14.619999999999996,14.400989
14.420000000000002,14.438813
14.589999999999998,14.202152
15.290000000000003,14.709389
16.26,15.981409
17.56,17.28182
19.29,18.642454
20.0,20.490042
20.760000000000005,20.487875
21.38,21.076294
21.89,21.489393
22.83,21.91009
22.51,23.008614
22.689999999999998,21.934572
22.79,22.336782
22.689999999999998,22.431461
21.93,22.300272
21.250000000000004,21.015066
20.509999999999998,20.379534
20.09,19.580526
19.449999999999996,19.53912
18.55,18.77374
17.879999999999995,17.750698
16.740000000000002,17.221449
16.15,15.969793
15.6,15.72112
15.430000000000001,15.187849
15.95,15.328889
16.720000000000002,16.7007
18.55,17.819283
20.14,20.21383
22.16,21.518667
23.38,23.558487
25.030000000000005,24.104406
25.619999999999994,25.811167
25.809999999999995,25.830866
26.05999999999999,25.686996
26.629999999999995,25.75007
25.98999999999999,26.559185
25.85,25.02601
25.299999999999997,25.08299
24.019999999999992,24.23183
22.359999999999996,22.625246
21.93,21.14676
21.45,21.363092
19.820000000000004,20.747282
17.999999999999996,18.800379
17.29,17.216358
17.030000000000005,16.783484
16.94,16.772053
16.6,16.839708
16.029999999999998,16.30879
15.819999999999999,15.515214
16.07,15.636162
16.48,16.34192
16.99,16.982592
17.45,17.561396
17.48,17.853928
17.319999999999997,17.457752
17.97,17.078337
18.959999999999997,18.277605
18.38,19.731012
16.469999999999995,17.951067
16.15,15.440214
16.02,15.724523
15.509999999999996,15.638568
15.480000000000004,15.014708
15.360000000000003,15.116568
15.25,14.841867
14.92,15.05925
14.800000000000002,14.661199
14.820000000000002,14.697494
14.84,14.835241
14.890000000000002,14.849307
14.830000000000002,14.907904
15.010000000000003,14.730191
15.39,15.124159
16.85,15.730999
17.710000000000004,18.171711
18.069999999999997,18.55806
19.890000000000004,18.380312
20.509999999999998,20.847857
21.03,20.805584
21.01,21.191097
21.200000000000003,20.657917
21.150000000000002,20.926281
20.89,20.671583
20.72,20.353802
20.19,20.134466
19.15,19.40273
18.559999999999995,18.143518
18.11,17.935532
17.77,17.579191
17.36,17.340357
17.14,16.916264
17.100000000000005,16.838934
17.100000000000005,17.157276
16.6,17.238272
16.370000000000005,16.317741
16.44,16.162119
16.639999999999997,16.443466
16.519999999999996,16.840382
17.28,16.384716
18.59,17.987204
19.770000000000003,19.780602
20.590000000000003,20.8276
21.14,21.186483
21.69,21.375154
22.120000000000005,21.765701
21.679999999999996,22.146181
20.85,21.088976
20.41,19.861294
20.299999999999997,19.6388
19.93,19.797697
19.759999999999998,19.31129
19.49,19.256273
18.749999999999996,18.904839
17.94,18.096626
17.94,17.301617
17.829999999999995,17.831944
17.72,17.694748
17.730000000000004,17.5843
17.79,17.718882
17.89,17.847082
17.879999999999995,17.9629
17.97,17.854538
18.069999999999997,18.012302
18.510000000000005,18.104635
19.040000000000003,18.90574
20.059999999999995,19.531654
19.88,21.014528
20.46,19.81045
20.109999999999996,20.662767
19.239999999999995,19.636538
18.61,18.425127
17.730000000000004,17.858948
17.710000000000004,16.890665
17.42,17.341846
17.29,16.925337
16.95,16.922277
16.930000000000003,16.542582
16.99,16.951303
17.01,17.086926
17.31,17.093693
17.31,17.621283
17.16,17.310741
17.249999999999996,16.99983
17.75,17.161276
17.149999999999995,18.191427
17.28,16.697327
16.97,17.193476
17.0,16.568148
16.840000000000003,16.83649
16.639999999999997,16.508059
16.44,16.322088
15.690000000000003,16.11064
15.110000000000001,15.144349
14.989999999999998,14.611822
14.770000000000001,14.753275
14.52,14.511979
14.610000000000003,14.251949
14.750000000000002,14.698272
14.940000000000003,14.965257
14.809999999999997,15.165642
14.989999999999998,14.736387
14.879999999999997,15.043919
14.91,14.694185
14.64,14.804114
14.479999999999997,14.31256
14.56,14.233422
14.700000000000001,14.4359255
15.019999999999998,14.762261
15.399999999999999,15.26025
16.1,15.722636
16.860000000000003,16.723503
17.850000000000005,17.507587
18.47,18.64624
19.3,18.806942
20.010000000000005,19.730774
20.55,20.28344
20.54,20.682713
20.02,20.220108
20.249999999999996,19.344019
19.94,19.97243
19.13,19.383522
17.879999999999995,18.256659
17.509999999999998,16.842674
17.030000000000005,16.957563
16.44,16.470463
15.970000000000002,15.926985
15.209999999999997,15.4827585
14.58,14.56051
14.339999999999996,14.116272
13.89,14.143147
13.499999999999998,13.6051235
13.860000000000003,13.213653
14.869999999999997,14.357979
16.32,16.112244
17.89,17.756636
19.81,19.220829
20.97,21.085165
21.080000000000002,21.603413
21.84,21.028776
22.28,21.965782
23.109999999999996,22.173346
23.489999999999995,23.209333
23.439999999999994,23.275818
23.01,22.894106
22.22,22.2305
21.01,21.343
19.619999999999997,19.888529
17.879999999999995,18.600868
16.92,16.950266
16.180000000000003,16.29024
15.53,15.64282
14.940000000000003,15.059231
14.529999999999998,14.494204
14.04,14.337561
13.980000000000004,13.7554245
14.470000000000002,14.124248
15.769999999999996,15.191105
17.7,17.271355
19.97,19.406574
22.17,21.728016
23.929999999999993,23.616041
25.030000000000005,24.8682
26.259999999999998,25.50848
26.830000000000002,26.680761
26.959999999999997,26.896725
27.009999999999998,26.620466
26.869999999999997,26.453524
26.270000000000003,26.142307
25.07,25.212048
23.03,23.579544
21.539999999999996,21.513374
21.43,20.565344
20.690000000000005,20.959938
19.83,19.973022
19.239999999999995,19.123446
18.530000000000005,18.651402
18.769999999999996,17.986654
18.38,19.046446
18.530000000000005,18.193682
19.639999999999997,18.69001
20.58,20.87053
22.090000000000003,21.713993
20.63,23.267399
19.44,20.11511
19.66,18.81386
21.57,19.484312
22.53,22.459543
23.52,22.802492
23.78,23.675316
23.719999999999995,23.48182
23.349999999999998,23.362812
22.4,22.829071
21.52,21.43808
20.14,20.45182
19.720000000000002,18.936197
19.54,19.062103
18.679999999999996,19.01537
17.55,17.890478
17.19,16.772137
16.790000000000003,16.842863
16.399999999999995,16.438765
16.180000000000003,16.097424
15.679999999999998,15.97132
15.66,15.263996
16.519999999999996,15.677122
18.2,17.559381
19.25,19.856594
20.520000000000003,20.360697
21.59,21.416801
22.13,22.1198
22.4,22.347748
22.359999999999996,22.34501
22.770000000000003,22.00429
23.139999999999997,22.58892
22.309999999999995,22.942924
22.04,21.337301
21.38,21.353088
20.179999999999996,20.500181
19.009999999999998,19.11331
18.38,18.183887
17.339999999999996,17.790766
16.63,16.563112
15.749999999999998,16.11136
15.010000000000003,15.164777
14.43,14.4944105
14.190000000000003,14.016576
13.939999999999996,14.24243
14.470000000000002,13.91909
15.570000000000002,15.234959
17.07,16.939827
19.39,18.524954
21.220000000000002,21.120615
23.07999999999999,22.493578
23.59,24.09232
24.95,23.839626
25.63,25.403055
25.979999999999997,25.716125
26.189999999999998,25.883505
26.24,25.77963
25.439999999999998,25.696575
23.769999999999996,24.314838
22.3,22.179518
21.11,21.098528
20.640000000000004,20.135431
20.389999999999997,20.04857
19.840000000000003,19.859999
19.34,19.181276
18.62,18.743532
18.019999999999996,18.189222
17.75,17.667307
18.59,17.519312
19.329999999999995,19.6079
20.04,20.343468
21.18,20.842758
21.28,22.011143
22.25,21.375126
23.729999999999997,22.72287
21.849999999999998,24.595228
20.26,20.796732
21.35,19.263754
21.59,21.57714
21.29,21.409185
21.1,20.643385
20.54,20.409231
19.87,19.539078
19.549999999999997,19.2335
18.93,19.289717
18.510000000000005,18.2522
18.25,17.883904
18.01,17.863197
17.809999999999995,17.765045
17.38,17.651703
16.960000000000004,17.087173
16.689999999999998,16.617878
16.26,16.419037
16.499999999999996,15.909588
16.75,16.69226
16.589999999999996,17.086327
17.06,16.570358
18.290000000000003,17.420052
19.12,19.46488
19.4,19.955559
20.010000000000005,19.644169
17.249999999999996,20.207918
16.67,15.771744
17.199999999999996,16.337624
17.509999999999998,17.109959
17.660000000000004,17.327291
17.24,17.346888
17.129999999999995,16.585629
17.0,16.657238
17.01,16.77255
17.04,16.901545
16.930000000000003,16.860157
16.75,16.656874
16.49,16.51081
16.08,16.217958
16.110000000000003,15.706192
15.749999999999998,15.960288
15.629999999999997,15.403465
16.15,15.436234
16.82,16.68082
17.3,17.619726
17.68,17.76226
18.139999999999997,17.91909
18.79,18.314314
19.429999999999996,19.190756
19.39,19.836359
19.230000000000004,19.216066
19.650000000000002,18.852549
20.04,19.589912
19.95,20.056341
19.569999999999997,19.629616
19.19,19.008303
18.86,18.62677
18.410000000000004,18.374609
18.080000000000002,17.866283
17.75,17.598068
17.389999999999997,17.248339
17.100000000000005,16.972672
16.77,16.814703
15.970000000000002,16.521128
15.509999999999996,15.4031925
15.850000000000001,15.135127
17.170000000000005,16.20487
19.429999999999996,18.583912
21.629999999999995,21.34792
22.87,23.432299
23.699999999999996,23.831247
24.53,24.10598
25.09,24.795877
25.23999999999999,25.215542
25.449999999999992,24.937777
25.339999999999996,25.03492
24.9,24.635265
24.27,24.048676
23.269999999999992,23.288795
21.98,22.071419
20.879999999999995,20.82303
20.07,19.983664
19.4,19.342949
18.78,18.763315
18.24,18.187126
17.21,17.698107
16.62,16.574438
16.060000000000002,16.251776
15.789999999999996,15.686027
16.24,15.675933
16.8,16.868816
17.69,17.637436
19.519999999999996,18.758179
20.83,20.993233
22.76,21.903305
24.119999999999994,23.964746
25.109999999999996,24.879435
26.01,25.559916
26.52,26.289461
26.679999999999996,26.635996
26.729999999999997,26.397942
26.64,26.28365
25.77,26.023619
24.099999999999998,24.564003
22.34,22.536846
21.36,21.096476
20.48,20.526377
19.83,19.758408
19.160000000000004,19.246174
18.44,18.553154
17.97,17.849365
17.76,17.65534
17.509999999999998,17.781921
18.05,17.456999
19.569999999999997,18.807482
21.080000000000002,21.17729
23.67,22.571194
25.72,25.512316
27.15,27.167368
27.84,28.009504
28.669999999999995,28.160112
28.75,28.937788
29.43,28.480515
29.109999999999992,29.419165
29.229999999999993,28.286423
28.409999999999993,28.542482
26.959999999999997,27.039394
26.099999999999998,25.345816
24.469999999999995,24.950897
22.87,23.22449
21.939999999999998,21.837147
21.049999999999997,21.257128
20.690000000000005,20.402176
20.299999999999997,20.22656
19.98,20.00612
18.98,19.721943
18.749999999999996,18.456873
19.260000000000005,18.592495
20.29,19.90688
21.849999999999998,21.552717
24.429999999999996,23.26942
26.01,26.251032
27.539999999999992,27.155903
28.769999999999996,28.42396
29.41,29.37561
29.749999999999996,29.684862
30.06,29.707745
29.36,29.87194
27.16,28.260517
25.12,25.012264
24.74,23.638077
24.029999999999998,23.939692
22.850000000000005,23.161171
21.7,21.90742
20.15,20.876009
19.44,19.268227
19.18,19.15489
18.91,19.07919
18.959999999999997,18.687754
18.889999999999997,19.003258
18.99,18.885881
19.12,19.087296
19.74,19.254866
20.22,20.439497
21.900000000000002,20.732645
23.319999999999993,23.245342
23.959999999999997,24.43199
25.009999999999994,24.526945
26.019999999999996,25.438383
26.150000000000002,26.4547
25.30999999999999,26.087364
19.85,24.362608
18.749999999999996,17.741253
18.99,18.352102
19.25,18.532433
18.74,18.873402
17.99,17.947886
17.730000000000004,17.240528
17.07,17.28035
17.100000000000005,16.945204
16.95,17.054636
16.68,16.664503
16.659999999999997,16.299915
16.55,16.607105
16.740000000000002,16.502285
16.92,16.94135
17.369999999999997,17.120329
17.69,17.844973
18.55,17.94788
19.34,19.348417
20.68,20.036228
21.11,21.639236
20.949999999999996,21.378565
21.220000000000002,20.6663
20.82,21.025063
17.7,20.257116
17.07,16.120344
17.01,16.611073
16.53,16.461737
16.19,15.885932
16.13,15.693729
16.0,15.76493
15.67,15.674229
15.340000000000003,15.428174
15.159999999999997,15.114721
14.550000000000002,14.960218
14.009999999999996,14.084676
13.589999999999998,13.5708275
13.510000000000003,13.204816
13.969999999999999,13.406233
15.030000000000001,14.439886
16.569999999999997,16.216063
18.54,17.98752
20.760000000000005,20.046692
21.89,22.229424
22.309999999999995,22.596216
23.530000000000005,22.431206
24.069999999999993,23.84335
23.73999999999999,24.08304
24.009999999999998,23.071228
23.869999999999997,23.579123
23.55,23.181276
22.359999999999996,22.818115
21.880000000000003,21.103237
20.68,21.098322
20.330000000000002,19.561089
19.56,19.840578
18.37,18.791342
17.63,17.522926
17.79,17.026476
17.100000000000005,18.091942
16.740000000000002,16.664139
16.41,16.515514
16.46,16.09021
16.980000000000004,16.547688
17.55,17.53776
18.830000000000002,18.3118
19.92,20.02934
21.66,20.854591
22.820000000000004,22.845608
21.42,23.52142
20.059999999999995,20.600683
19.59,19.077518
19.86,18.914019
19.280000000000005,19.589178
19.25,18.407597
18.819999999999997,18.654491
17.97,17.947676
17.509999999999998,17.260109
17.24,17.184631
17.35,16.968441
17.369999999999997,17.339735
16.759999999999998,17.399456
16.77,16.348286
16.44,16.656408
16.110000000000003,16.149132
16.08,15.796289
16.449999999999996,15.887337
16.85,16.729628
17.26,17.264788
18.37,17.679352
19.66,19.39923
19.61,20.679106
20.879999999999995,19.705
20.36,21.477694
19.73,19.808613
19.41,19.002733
19.519999999999996,18.783234
19.669999999999998,19.155478
18.61,19.306608
16.960000000000004,17.641987
16.77,15.904775
16.81,16.403618
16.469999999999995,16.673664
16.08,16.086353
15.889999999999999,15.604179
15.450000000000001,15.497093
15.360000000000003,15.0632105
15.19,15.225869
15.12,15.063523
15.019999999999998,15.075373
15.19,14.93782
15.780000000000001,15.405912
17.439999999999998,16.414568
19.140000000000004,18.932148
20.26,20.573275
21.489999999999995,21.128101
22.52,22.093336
22.34,22.908915
23.55,22.016298
23.52,23.898212
23.410000000000004,23.13395
22.929999999999996,22.88055
22.23,22.091711
21.24,21.23886
19.73,20.089457
19.090000000000003,18.697065
18.410000000000004,18.424511
17.850000000000005,17.706936
17.319999999999997,17.286686
17.100000000000005,16.777729
16.779999999999998,16.986288
16.280000000000005,16.608738
16.05,15.995441
15.550000000000002,15.891423
14.86,15.208657
14.820000000000002,14.373771
15.170000000000002,14.727205
15.26,15.63243
15.690000000000003,15.428416
15.99,16.14496
16.02,16.244308
17.09,16.00683
17.69,17.991402
18.59,18.216297
17.899999999999995,19.245678
17.100000000000005,17.31641
17.389999999999997,16.419502
17.149999999999995,17.193789
15.53,16.715155
15.150000000000002,14.447581
15.3,14.632641
14.43,14.983958
14.589999999999998,13.789762
14.589999999999998,14.574523
14.56,14.486832
13.849999999999998,14.466819
13.9,13.388469
14.190000000000003,13.872983
14.719999999999999,14.392401
14.879999999999997,15.213386
15.620000000000003,14.966534
16.180000000000003,16.172451
15.959999999999997,16.553263
15.679999999999998,15.794352
15.24,15.300337
15.489999999999997,14.702382
17.24,15.317703
16.469999999999995,18.24887
15.550000000000002,15.964466
15.679999999999998,15.041385
16.27,15.511994
16.040000000000003,16.344997
16.05,15.617836
15.469999999999999,15.737843
14.91,14.684508
14.750000000000002,14.356101
14.3,14.482171
14.15,13.861794
13.919999999999998,13.844136
13.860000000000003,13.621566
13.800000000000002,13.84145
13.860000000000003,13.7795725
14.16,13.982996
14.750000000000002,14.468661
15.2,15.34646
16.2,15.607136
17.319999999999997,17.06403
18.74,18.159704
19.78,19.68383
20.27,20.362162
21.080000000000002,20.430447
21.98,21.267067
22.35,22.28569
22.210000000000004,22.30195
21.96,21.720842
20.949999999999996,21.336226
19.2,19.871635
18.32,17.956291
17.65,17.586342
16.639999999999997,16.951603
15.94,15.89957
15.550000000000002,15.394338
15.360000000000003,15.105513
15.220000000000002,15.350394
15.019999999999998,15.280336
15.05,15.006168
14.989999999999998,15.166464
15.629999999999997,15.000424
16.54,16.341434
17.509999999999998,17.553862
19.03,18.48325
18.91,20.095129
18.699999999999996,18.883638
19.53,18.316826
19.51,19.663294
18.889999999999997,19.209532
18.019999999999996,18.092268
16.12,17.02324
15.38,14.925696
14.660000000000004,14.814687
14.599999999999998,14.1535845
14.490000000000002,14.293222
14.830000000000002,14.114739
14.730000000000004,15.227026
14.660000000000004,14.755829
14.479999999999997,14.646504
14.420000000000002,14.293551
14.389999999999999,14.289291
14.389999999999999,14.216564
14.24,14.261841
14.380000000000004,14.020115
14.719999999999999,14.45231
14.96,15.0295515
15.039999999999996,15.159278
14.730000000000004,15.034408
14.809999999999997,14.425823
14.269999999999998,14.669842
14.260000000000003,13.770167
13.720000000000002,14.039169
13.580000000000004,13.183018
13.439999999999998,13.315061
13.14,13.167278
13.02,12.870333
12.349999999999998,12.843691
11.970000000000002,11.894202
11.960000000000003,11.651506
11.739999999999998,11.855196
11.970000000000002,11.541602
11.890000000000002,12.145429
11.949999999999998,11.7998495
11.759999999999996,11.9938
11.3,11.545304
11.38,10.963952
11.259999999999998,11.261567
11.259999999999998,11.036026
11.259999999999998,11.122892
11.350000000000001,11.166291
11.51,11.391502
11.780000000000001,11.583371
11.960000000000003,11.970999
12.159999999999998,12.01705
12.369999999999997,12.190654
12.68,12.3790455
12.859999999999996,12.784604
12.990000000000002,12.836537
13.21,12.896784
13.519999999999998,13.187765
13.849999999999998,13.613086
14.190000000000003,13.957386
14.210000000000003,14.302597
14.37,14.069206
14.479999999999997,14.269659
14.409999999999997,14.33455
14.52,14.176902
14.669999999999998,14.359438
14.550000000000002,14.570276
14.389999999999999,14.323893
14.269999999999998,14.131592
14.420000000000002,14.037017
14.96,14.407944
15.31,15.364579
15.87,15.585811
15.769999999999996,16.297918
15.52,15.63375
17.28,15.2172785
18.679999999999996,18.448689
19.3,19.706606
19.19,19.771019
17.949999999999996,18.886791
18.18,16.965107
17.62,17.963263
17.01,16.934475
16.420000000000005,16.251385
15.980000000000002,15.579936
15.880000000000004,15.316185
15.72,15.584327
15.52,15.623915
15.450000000000001,15.367829
15.439999999999996,15.4254465
15.27,15.492585
15.150000000000002,15.146027
15.279999999999998,15.009799
15.410000000000004,15.401695
16.12,15.533531
16.589999999999996,16.803347
17.38,17.048513
18.749999999999996,18.059042
19.11,19.735521
19.989999999999995,19.41468
20.43,20.39242
20.49,20.465937
20.99,20.260853
21.06,20.926407
20.929999999999996,20.794954
20.400000000000002,20.48025
19.46,19.691076
18.480000000000004,18.493305
17.38,17.535389
16.180000000000003,16.57257
15.58,15.408041
14.869999999999997,15.064242
14.380000000000004,14.3158
13.839999999999998,13.959945
13.28,13.499472
12.74,12.928064
12.509999999999996,12.351696
12.640000000000002,12.440808
14.050000000000004,12.9284315
16.25,15.603886
19.03,18.17898
20.36,21.198635
21.09,21.503675
21.869999999999997,21.525263
22.33,22.031551
22.87,22.281145
23.069999999999997,22.765316
23.049999999999997,22.633123
22.549999999999997,22.389954
22.1,21.659985
20.99,21.342445
19.78,19.839033
18.76,18.781803
17.86,17.927715
17.26,17.14527
16.469999999999995,16.705671
15.909999999999997,15.879195
15.410000000000004,15.429225
14.739999999999998,15.108319
14.409999999999997,14.332069
14.070000000000002,14.2456255
14.22,13.936861
15.570000000000002,14.555027
17.249999999999996,17.110287
19.090000000000003,18.917612
20.85,20.635605
22.25,22.031015
23.169999999999998,22.963053
23.649999999999995,23.54305
24.53,23.754704
24.759999999999998,24.69788
24.869999999999994,24.493076
24.549999999999997,24.44055
24.019999999999992,23.7741
22.78,23.10954
21.79,21.418015
21.320000000000004,20.795935
20.690000000000005,20.560549
18.88,19.888922
17.809999999999995,17.768818
16.860000000000003,17.172716
16.29,16.239498
16.029999999999998,15.94311
15.640000000000002,15.810812
15.019999999999998,15.283808
14.879999999999997,14.539511
16.32,14.829349
18.340000000000003,17.930355
20.46,20.256414
21.810000000000002,22.328697
23.579999999999995,22.82874
24.399999999999995,24.389946
24.759999999999998,24.734272
25.129999999999995,24.848583
25.379999999999992,24.975647
25.529999999999998,25.055616
25.379999999999992,25.065462
24.840000000000003,24.709578
23.80999999999999,23.87254
22.46,22.490227
20.9,21.24326
19.85,19.821056
19.06,19.096994
18.54,18.42939
17.94,18.018982
17.640000000000004,17.389627
16.61,17.45078
16.24,16.098042
15.760000000000003,16.043741
16.12,15.428432
17.12,16.647387
18.99,18.33533
20.809999999999995,20.722029
22.669999999999998,22.337044
23.99,23.967669
25.009999999999994,24.736715
25.58,25.459686
25.94,25.757113
26.189999999999998,25.878008
26.279999999999998,25.899746
25.969999999999995,25.818312
25.49,25.173529
24.119999999999994,24.536783
22.78,22.615797
21.03,21.579475
20.100000000000005,19.904272
19.650000000000002,19.414253
19.13,19.129799
18.270000000000003,18.5795
17.710000000000004,17.613026
17.09,17.32396
16.82,16.719954
16.51,16.630833
16.55,16.320452
17.36,16.73953
18.950000000000003,18.384644
20.710000000000004,20.557583
22.750000000000004,22.279411
24.679999999999993,24.234612
25.85,25.873417
26.99,26.485645
27.329999999999995,27.477001
27.569999999999997,27.373577
28.059999999999995,27.363241
27.619999999999997,27.899345
26.909999999999993,26.751118
24.569999999999997,25.700022
22.23,22.616083
21.220000000000002,21.030834
20.24,20.441065
20.48,19.61855
19.759999999999998,20.22118
18.649999999999995,19.059828
17.490000000000002,17.94953
17.219999999999995,17.11597
17.06,17.171465
16.790000000000003,16.882044
17.199999999999996,16.544035
18.33,17.56615
19.8,19.590092
21.45,21.183315
23.64,22.807667
25.669999999999995,25.110142
26.830000000000002,26.897419
27.84,27.507027
28.66,28.26917
28.879999999999995,28.866901
28.809999999999995,28.727364
28.409999999999993,28.277597
27.42,27.470692
25.14,25.933516
23.82999999999999,23.256994
23.259999999999998,22.771658
22.210000000000004,22.514118
21.679999999999996,21.345974
21.04,21.078104
20.570000000000004,20.388138
19.669999999999998,20.009956
19.379999999999995,19.183075
19.39,19.195057
18.959999999999997,19.528717
19.309999999999995,18.721973
19.73,19.684254
20.380000000000003,20.27737
22.140000000000004,21.103378
24.29,23.541815
25.419999999999998,25.984118
26.789999999999992,26.287285
27.359999999999996,27.471317
25.319999999999997,27.580772
24.679999999999993,23.85146
22.239999999999995,23.827253
18.47,20.503407
18.119999999999997,17.234793
18.150000000000002,17.76834
18.35,17.791563
18.18,18.009842
18.220000000000002,18.024054
18.06,18.106503
17.920000000000005,17.88652
17.899999999999995,17.782804
18.05,17.791306
17.389999999999997,18.104832
16.8,16.87994
16.82,16.288507
17.219999999999995,16.637775
17.269999999999996,17.54737
17.730000000000004,17.214172
18.23,18.044107
18.72,18.626047
19.210000000000004,19.115015
19.890000000000004,19.53223
20.299999999999997,20.39734
19.68,20.445684
19.07,19.105309
19.309999999999995,18.370665
19.020000000000003,19.10581
18.98,18.526873
18.819999999999997,18.619656
18.55,18.342035
18.52,18.055351
18.080000000000002,18.323854
17.11,17.736996
16.060000000000002,16.36405
15.3,15.301591
14.830000000000002,14.711523
14.380000000000004,14.387536
14.11,13.9675665
13.910000000000004,13.791414
13.7,13.762178
14.660000000000004,13.624032
16.160000000000004,15.762183
17.809999999999995,17.692844
18.79,19.31173
19.47,19.578678
20.979999999999997,19.81461
21.35,21.55708
21.66,21.448395
22.239999999999995,21.554346
22.52,22.143576
22.479999999999997,22.286657
21.74,22.022442
20.760000000000005,20.836178
19.790000000000003,19.647331
18.78,18.767326
17.99,17.956642
17.319999999999997,17.292301
16.97,16.678312
16.89,16.4762
16.759999999999998,16.877846
16.230000000000004,16.843727
15.909999999999997,15.947665
15.620000000000003,15.692799
15.86,15.369465
16.56,16.096138
16.930000000000003,17.3051
17.16,17.349422
17.509999999999998,17.331287
17.710000000000004,17.612057
18.460000000000004,17.697533
19.449999999999996,18.976896
20.15,20.19519
20.949999999999996,20.629189
21.609999999999996,21.372915
21.16,21.882315
21.01,20.641973
20.590000000000003,20.558952
19.88,19.950333
18.78,19.020998
18.18,17.760387
17.459999999999997,17.472473
16.89,16.701963
16.449999999999996,16.344673
15.909999999999997,16.012634
15.760000000000003,15.432053
15.72,15.762148
15.629999999999997,15.892278
16.589999999999996,15.709543
17.41,17.69325
17.97,18.44994
18.74,18.534857
19.3,19.217485
20.84,19.51429
22.49,21.772808
23.049999999999997,23.52596
23.889999999999997,23.447094
24.160000000000004,24.136154
23.970000000000002,24.041422
24.029999999999998,23.516827
23.43,23.6232
22.52,22.543703
21.270000000000003,21.326042
20.369999999999997,20.073391
20.29,19.48816
19.519999999999996,19.841679
18.93,18.76169
18.69,18.289814
18.069999999999997,18.296997
17.84,17.564972
17.640000000000004,17.601284
17.319999999999997,17.550781
17.72,17.07463
18.2,18.184246
18.45,18.885555
19.449999999999996,18.74904
20.26,20.397352
20.8,21.016613
21.74,21.175728
23.019999999999996,22.258463
24.160000000000004,23.778389
24.44,24.80021
24.569999999999997,24.546743
24.549999999999997,24.366026
24.06,24.147114
23.269999999999992,23.346218
22.37,22.253313
20.929999999999996,21.2395
20.059999999999995,19.709915
18.91,19.2605
18.410000000000004,18.085238
18.270000000000003,17.896877
18.069999999999997,17.938404
17.319999999999997,17.954334
17.050000000000004,16.886847
16.840000000000003,16.888332
17.09,16.631342
17.800000000000004,17.386255
19.17,18.619541
20.05,20.491814
21.03,20.918888
22.06,21.719378
22.770000000000003,22.62874
23.199999999999992,23.109674
24.55999999999999,23.282694
25.02,25.20305
24.469999999999995,25.120115
23.799999999999997,23.7789
23.279999999999998,22.876245
22.020000000000003,22.430103
21.220000000000002,20.762075
20.68,20.40222
20.46,19.904097
20.109999999999996,19.816502
18.76,19.587202
18.069999999999997,17.876799
17.520000000000003,17.540478
17.02,17.09522
16.8,16.64565
16.7,16.551683
17.11,16.52978
17.67,17.595396
17.170000000000005,18.429014
17.920000000000005,17.078232
18.71,18.38005
19.17,19.393126
20.199999999999996,19.477453
21.52,20.877232
21.189999999999998,22.33668
21.35,20.943531
21.460000000000004,21.158216
21.049999999999997,21.198048
20.48,20.435354
19.519999999999996,19.657108
19.009999999999998,18.510046
18.84,18.222612
18.05,18.44018
17.87,17.313759
17.389999999999997,17.491238
16.56,16.913153
16.02,15.94556
15.86,15.598765
15.850000000000001,15.725511
16.090000000000003,15.883592
15.99,16.439949
16.67,15.985179
17.710000000000004,17.345299
18.4,18.79097
19.78,19.116848
20.7,20.718939
21.629999999999995,21.270205
22.52,22.075405
23.489999999999995,22.895197
23.410000000000004,23.95583
23.139999999999997,23.097376
22.98999999999999,22.590107
22.44,22.429344
21.679999999999996,21.632654
20.7,20.695269
19.71,19.665352
19.22,18.76767
18.55,18.575907
17.72,17.902739
17.41,17.038189
16.97,17.041346
16.840000000000003,16.670013
16.399999999999995,16.848295
16.31,16.150515
16.36,16.305532
16.85,16.482267
17.610000000000003,17.488247
18.649999999999995,18.495094
20.010000000000005,19.709463
21.98,21.054207
22.929999999999996,23.288525
23.979999999999997,23.569199
24.34,24.474024
24.589999999999996,24.357956
24.449999999999996,24.444233
23.799999999999997,23.919867
23.45,22.875313
21.150000000000002,22.601015
19.989999999999995,19.415495
19.580000000000002,19.180101
19.239999999999995,18.949291
18.530000000000005,18.686844
18.1,17.845854
17.590000000000003,17.602184
17.199999999999996,17.027935
16.81,16.917614
16.53,16.532125
16.36,16.36542
16.73,16.299545
17.149999999999995,17.270252
17.43,17.751925
17.640000000000004,17.770601
18.49,17.758776
19.790000000000003,19.226593
21.58,20.8465
22.479999999999997,22.871395
23.679999999999996,23.097534
24.48999999999999,24.22363
24.41,24.737833
24.25,24.171034
23.609999999999996,23.745914
22.52,22.71411
21.43,21.244652
20.6,20.28
20.31,19.710224
19.97,19.653793
19.13,19.376503
18.54,18.352777
18.1,17.963865
18.43,17.713615
18.259999999999998,18.83546
18.18,18.188915
18.35,18.094372
18.510000000000005,18.45443
18.03,18.69553
18.889999999999997,17.673496
20.17,19.611801
21.03,21.326971
22.879999999999995,21.84034
23.559999999999995,24.065521
24.359999999999996,24.023785
20.07,24.699434
19.009999999999998,18.257774
19.42,18.713614
18.900000000000002,19.025545
17.86,18.128334
17.7,16.899128
17.660000000000004,17.145124
17.77,17.121819
17.470000000000002,17.796476
17.35,17.293852
17.100000000000005,17.146519
16.92,16.805363
16.24,16.708508
16.12,15.693917
16.230000000000004,15.881726
16.0,16.285957
15.93,15.82549
15.61,15.801997
15.640000000000002,15.322424
15.469999999999999,15.600676
15.53,15.249958
15.769999999999996,15.580968
16.009999999999998,15.980995
15.760000000000003,16.268856
15.880000000000004,15.577865
15.39,15.84115
15.279999999999998,14.949667
15.05,15.039403
15.030000000000001,14.698275
14.91,14.832615
14.700000000000001,14.662103
14.409999999999997,14.467499
14.260000000000003,14.131222
14.16,14.07223
14.04,14.006651
13.9,13.868279
13.980000000000004,13.736421
14.03,14.052852
14.03,14.083369
13.919999999999998,13.998697
14.3,13.766008
14.44,14.595489
15.089999999999996,14.518479
15.459999999999999,15.629384
16.07,15.69392
16.19,16.508503
16.689999999999998,16.129538
16.77,16.86347
16.94,16.588041
16.740000000000002,16.836369
16.350000000000005,16.340157
16.379999999999995,15.872014
16.210000000000004,16.106415
16.31,15.877074
15.959999999999997,16.162695
15.509999999999996,15.572391
15.419999999999998,15.119328
15.469999999999999,15.195648
15.32,15.469901
15.110000000000001,15.104225
15.2,14.876218
15.18,15.23448
15.220000000000002,15.144156
15.069999999999999,15.2113905
14.57,14.901047
14.050000000000004,14.176187
13.779999999999998,13.586423
14.52,13.453413
14.400000000000002,15.059874
14.260000000000003,14.30181
15.2,14.133574
15.920000000000002,15.903596
16.46,16.582314
16.55,16.795956
16.720000000000002,16.490412
16.67,16.561705
15.66,16.34137
15.089999999999996,14.855726
14.869999999999997,14.450821
14.78,14.387147
14.610000000000003,14.45237
14.890000000000002,14.294809
14.689999999999996,14.968621
14.24,14.517424
13.709999999999999,13.94954
13.300000000000004,13.28739
12.94,12.927618
13.230000000000004,12.540543
14.319999999999999,13.298611
15.419999999999998,15.3465805
16.94,16.569386
18.03,18.18824
19.090000000000003,18.777145
21.250000000000004,19.600399
21.77,22.368496
21.09,22.069565
21.02,20.360023
20.82,20.441376
20.059999999999995,20.1807
19.1,19.056692
18.03,18.106472
17.459999999999997,17.021246
17.14,16.759958
16.56,16.761253
16.009999999999998,16.04185
15.509999999999996,15.481383
15.069999999999999,15.096636
14.759999999999996,14.744875
14.949999999999998,14.518324
14.22,15.298825
13.670000000000002,13.854848
13.659999999999997,13.353203
14.380000000000004,13.543903
15.089999999999996,15.101361
16.81,15.78585
18.069999999999997,18.22797
19.650000000000002,19.054998
21.09,20.636927
21.59,21.867401
22.16,21.834568
22.549999999999997,22.213243
22.27,22.428537
20.739999999999995,21.664827
19.46,19.314566
18.45,18.311777
17.26,17.488848
16.88,16.405558
16.860000000000003,16.42226
16.659999999999997,16.465128
16.26,16.253506
15.66,16.047209
15.469999999999999,15.371289
15.05,15.284401
14.550000000000002,14.70956
14.380000000000004,14.162429
14.490000000000002,14.145001
14.92,14.672073
15.080000000000004,15.444201
16.51,15.320747
18.080000000000002,17.854769
19.309999999999995,19.369362
20.79,20.321938
21.02,21.61933
21.3,21.064621
21.819999999999997,21.141962
21.84,21.793024
21.45,21.501165
20.929999999999996,20.699337
19.3,20.057322
18.4,17.916704
17.65,17.577919
16.89,16.985413
16.370000000000005,16.232557
15.909999999999997,15.825471
15.739999999999998,15.4393425
15.419999999999998,15.601207
14.85,15.280816
14.750000000000002,14.539876
14.479999999999997,14.690536
14.43,14.307927
14.830000000000002,14.440005
15.550000000000002,15.298041
16.88,16.400122
18.42,18.140041
19.8,19.670858
20.590000000000003,20.76538
21.320000000000004,21.031843
21.970000000000002,21.572514
22.22,22.087286
22.59,22.06716
21.609999999999996,22.406143
21.02,20.505571
20.400000000000002,20.131235
18.460000000000004,19.523035
17.050000000000004,17.191538
16.46,16.308083
17.199999999999996,15.925885
16.930000000000003,17.307335
16.659999999999997,16.818768
16.1,16.49159
15.739999999999998,15.644478
15.410000000000004,15.514716
15.060000000000004,15.1215
15.12,14.752284
15.799999999999999,14.956489
16.659999999999997,16.500626
18.04,17.70982
20.24,19.293211
21.390000000000004,21.819183
22.39,22.204496
22.94,22.919224
23.419999999999998,23.085024
23.719999999999995,23.40572
23.839999999999996,23.517717
23.410000000000004,23.489305
22.2,22.584585
21.29,20.845701
20.09,20.231386
19.160000000000004,19.045778
18.080000000000002,18.387861
17.28,17.303308
16.639999999999997,16.676075
16.449999999999996,16.106783
15.58,16.50408
15.349999999999998,15.157835
15.039999999999996,15.2529
14.649999999999999,14.848398
14.700000000000001,14.408886
15.05,14.798915
16.589999999999996,15.565596
17.829999999999995,18.127144
18.45,19.086275
19.0,19.127815
19.549999999999997,19.216581
20.65,19.624601
21.74,21.132925
22.429999999999996,22.199425
22.289999999999996,22.609653
20.999999999999996,21.858334
19.48,19.82807
17.809999999999995,18.302494
17.050000000000004,16.871435
16.39,16.416922
15.25,15.76584
14.989999999999998,14.512295
14.97,14.626266
14.820000000000002,15.155194
14.770000000000001,14.868547
14.45,14.830892
14.199999999999998,14.299006
13.559999999999999,13.973805
13.800000000000002,13.0860405
14.309999999999999,13.933294
14.84,14.776979
16.08,15.383942
15.920000000000002,17.211012
15.72,15.948985
16.280000000000005,15.490998
16.160000000000004,16.343933
15.59,15.826845
15.340000000000003,14.908481
15.18,14.828399
14.649999999999999,14.723168
14.03,14.087964
13.969999999999999,13.492538
13.9,13.711625
14.03,13.76897
13.790000000000003,14.168951
12.8,13.651098
12.069999999999999,12.26281
11.71,11.587057
11.470000000000004,11.3738
11.220000000000002,11.171695
11.689999999999998,10.915046
11.759999999999996,12.007922
11.820000000000002,11.862314
12.080000000000004,11.903474
12.46,12.208055
13.41,12.7041645
14.470000000000002,14.194084
15.069999999999999,15.3766575
15.220000000000002,15.446214
15.819999999999999,15.127172
16.34,15.851266
16.54,16.314262
16.639999999999997,16.341799
16.779999999999998,16.349298
16.090000000000003,16.500797
15.25,15.394523
14.64,14.47826
14.540000000000003,14.003738
14.140000000000002,14.212532
13.680000000000001,13.665351
13.630000000000004,13.207356
13.580000000000004,13.396155
13.449999999999998,13.632661
13.41,13.369735
13.47,13.392835
13.379999999999997,13.541135
13.340000000000002,13.262468
13.42,13.244873
13.49,13.437554
14.17,13.497999
15.33,14.761442
16.41,16.42688
17.590000000000003,17.362701
19.12,18.389565
19.75,19.962955
19.549999999999997,20.032717
19.020000000000003,19.181034
18.649999999999995,18.284153
17.879999999999995,17.950521
16.39,16.924131
15.61,15.309404
14.91,14.897751
14.5,14.239705
14.09,14.063408
13.47,13.733702
12.769999999999998,12.994639
12.190000000000001,12.282018
11.72,11.824812
10.929999999999998,11.380268
10.470000000000002,10.3967085
10.15,10.156646
10.659999999999998,9.945913
11.87,11.33044
13.29,13.181253
14.420000000000002,14.691548
15.640000000000002,15.420092
16.650000000000002,16.36617
17.63,17.068802
18.270000000000003,17.968313
18.24,18.343008
18.220000000000002,17.808064
17.45,17.725218
16.34,16.511433
15.139999999999999,15.299013
13.88,14.224521
12.990000000000002,13.112035
12.819999999999999,12.380349
12.27,12.497192
11.409999999999998,11.770925
10.78,10.858727
10.179999999999998,10.468287
9.86,9.836357
9.75,9.623748
9.380000000000003,9.694442
9.089999999999998,9.14821
9.769999999999998,8.933238
11.12,10.493125
13.230000000000004,12.471248
15.05,14.90192
16.05,16.452272
16.97,16.725237
17.660000000000004,17.28449
18.119999999999997,17.709686
18.559999999999995,17.974344
18.66,18.322763
18.3,18.17319
17.339999999999996,17.554897
15.799999999999999,16.300837
14.529999999999998,14.73256
13.720000000000002,13.77097
12.900000000000004,13.118671
12.689999999999998,12.334226
12.310000000000002,12.335143
11.259999999999998,11.902123
10.97,10.706151
10.63,10.869205
10.470000000000002,10.366003
10.23,10.3727455
10.23,10.019926
10.89,10.300881
11.669999999999998,11.556808
13.379999999999997,12.480307
15.450000000000001,14.801253
16.790000000000003,16.932684
16.63,17.691568
16.26,16.452293
16.930000000000003,15.724452
17.199999999999996,16.842651
17.149999999999995,16.907309
16.659999999999997,16.63471
15.38,15.781195
14.23,14.253092
13.639999999999999,13.478806
13.110000000000003,13.205002
12.360000000000003,12.611855
11.98,11.771318
11.030000000000001,11.577834
10.620000000000001,10.358732
9.98,10.38468
9.42,9.537331
9.04,9.075224
8.640000000000002,8.751539
8.689999999999998,8.398601
8.790000000000001,8.87974
10.22,9.047285
12.32,11.669467
14.409999999999997,14.036183
15.52,16.078478
16.449999999999996,16.37698
16.930000000000003,16.841639
17.24,16.828491
17.509999999999998,16.985374
17.42,17.162367
16.840000000000003,16.812796
15.959999999999997,15.93728
15.24,14.964603
14.599999999999998,14.462776
13.530000000000001,13.930298
12.75,12.803573
11.72,12.189184
11.030000000000001,11.034564
10.410000000000002,10.590841
10.03,9.9929495
9.69,9.841512
9.07,9.548418
8.879999999999999,8.746442
8.809999999999999,8.838317
8.99,8.852161
10.729999999999999,9.293037
12.850000000000001,12.3617735
14.84,14.598069
16.27,16.427261
18.05,17.19137
18.42,18.81232
19.12,18.398453
19.379999999999995,19.157114
19.42,19.012554
19.25,18.87703
17.949999999999996,18.553236
16.090000000000003,16.694893
15.139999999999999,14.953102
14.070000000000002,14.449942
13.320000000000002,13.363
12.8,12.800586
12.369999999999997,12.35803
11.680000000000003,11.950174
11.009999999999998,11.259885
10.57,10.697144
10.22,10.288702
9.940000000000001,9.971815
10.05,9.736641
10.820000000000002,10.323611
12.039999999999996,11.683595
14.18,13.321743
16.82,15.829078
19.12,18.682234
20.520000000000003,20.591145
21.559999999999995,21.28431
22.44,21.895506
22.54,22.542513
22.61,22.146837
22.16,22.07896
20.8,21.200504
18.69,19.313776
17.62,17.337015
17.3,16.8634
17.21,16.758059
17.400000000000002,16.81761
16.53,17.187836
16.350000000000005,15.893331
16.15,16.232433
16.350000000000005,15.968669
15.909999999999997,16.461794
15.94,15.530189
15.900000000000002,15.805058
16.0,15.741988
16.19,16.076725
16.17,16.310484
16.75,16.121
17.07,17.248762
16.689999999999998,17.345251
17.249999999999996,16.439938
16.980000000000004,17.42752
16.300000000000004,16.669447
16.82,15.690087
16.99,16.852768
16.87,16.901312
16.61,16.601212
16.51,16.299652
16.43,16.26381
16.379999999999995,16.169704
16.180000000000003,16.190163
15.970000000000002,15.892689
15.819999999999999,15.685087
16.07,15.609738
15.760000000000003,16.288635
15.830000000000002,15.516651
15.780000000000001,15.786819
15.909999999999997,15.640822
16.300000000000004,15.988916
16.9,16.592987
17.65,17.495468
18.42,18.343264
19.36,19.064787
19.910000000000004,20.031338
19.87,20.17333
18.410000000000004,19.652678
18.139999999999997,17.325508
17.65,17.63997
17.56,16.934269
17.219999999999995,17.136456
17.12,16.58435
16.81,16.679348
16.329999999999995,16.362204
16.14,15.998382
15.760000000000003,15.924132
15.640000000000002,15.452619
15.410000000000004,15.457015
15.159999999999997,15.190745
14.98,14.954558
14.890000000000002,14.817577
14.57,14.858954
14.660000000000004,14.315729
14.700000000000001,14.728123
14.800000000000002,14.75961
15.159999999999997,14.904346
15.95,15.480931
16.95,16.737944
17.41,17.912361
18.069999999999997,17.786669
18.23,18.355127
18.43,18.085762
18.3,18.294403
18.05,17.89773
17.14,17.57054
16.790000000000003,16.220081
15.880000000000004,16.250362
15.500000000000002,15.027248
15.089999999999996,15.048889
14.199999999999998,14.620517
13.869999999999997,13.534779
13.519999999999998,13.556528
13.21,13.301175
12.699999999999998,13.019656
11.960000000000003,12.331732
11.800000000000004,11.437823
11.680000000000003,11.653071
11.359999999999996,11.631823
11.64,11.1418495
11.949999999999998,11.944398
12.229999999999997,12.294042
12.879999999999999,12.492991
13.609999999999996,13.406002
14.070000000000002,14.213267
14.529999999999998,14.3012085
12.39,14.654276
12.839999999999998,11.30627
13.510000000000003,12.852195
13.320000000000002,13.562658
12.870000000000001,12.993189
12.640000000000002,12.288641
12.550000000000004,12.166378
12.439999999999998,12.197659
10.340000000000002,12.194021
9.61,9.332725
9.51,9.315095
9.24,9.214493
8.860000000000001,8.942319
8.61,8.48379
8.6,8.317538
8.87,8.557337
8.84,9.1813965
9.07,8.86676
9.549999999999999,9.270675
10.04,9.908523
9.24,10.395688
8.689999999999998,8.876816
8.850000000000001,8.424525
8.84,8.728192
8.619999999999997,8.618966
8.72,8.30939
8.27,8.564483
8.08,7.8547297
8.230000000000002,7.921843
8.39,8.275332
8.42,8.491715
8.040000000000001,8.37677
8.08,7.7864666
8.03,8.037791
7.789999999999999,7.885004
7.459999999999998,7.5520535
7.190000000000001,7.152139
6.97,6.9375634
6.82,6.7556505
7.0200000000000005,6.648638
6.950000000000001,7.19348
7.150000000000001,6.8994126
7.490000000000001,7.3842998
7.599999999999998,7.769237
7.37,7.667027
6.810000000000001,7.2174053
5.9799999999999995,6.412972
5.219999999999998,5.4649706
4.7299999999999995,4.7983174
4.459999999999999,4.3764257
4.62,4.183336
4.300000000000001,4.6443
4.000000000000001,4.1083193
3.7300000000000004,3.9093454
3.579999999999999,3.5645137
3.7,3.4526348
3.7500000000000013,3.7503545
3.7500000000000013,3.79941
3.7600000000000007,3.764632
3.350000000000001,3.7452028
3.1200000000000006,3.0545554
3.099999999999999,2.915221
2.8599999999999994,2.9779923
2.75,2.6362097
3.080000000000001,2.6063163
3.33,3.3059509
4.059999999999999,3.5638711
4.56,4.747054
5.31,4.9663105
5.349999999999999,5.816561
5.609999999999999,5.3510675
5.949999999999999,5.6439147
6.240000000000001,5.923789
6.400000000000001,6.1967154
6.3500000000000005,6.295401
6.369999999999998,6.1565027
6.05,6.2271857
6.169999999999998,5.696357
6.169999999999998,6.129372
6.25,6.0138497
6.340000000000001,6.2176147
6.400000000000001,6.3445306
6.32,6.4168987
6.32,6.2144895
6.380000000000001,6.2604504
6.550000000000001,6.34462
6.839999999999999,6.6331296
7.17,7.032461
7.249999999999999,7.3956213
7.54,7.2694063
7.830000000000001,7.6503143
8.42,7.9174547
9.11,8.771412
9.42,9.532933
9.489999999999998,9.507457
9.29,9.370123
9.11,8.966485
9.01,8.7811
8.879999999999999,8.715872
8.910000000000002,8.580459
8.910000000000002,8.716185
8.93,8.764186
8.93,8.911467
8.87,8.884068
8.739999999999998,8.778402
8.640000000000002,8.595302
8.55,8.49861
8.61,8.404491
8.43,8.582752
8.49,8.251226
8.66,8.495009
8.66,8.756073
8.76,8.625023
9.24,8.774873
9.959999999999999,9.589383
10.329999999999997,10.51397
11.259999999999998,10.530347
12.030000000000003,11.8931675
12.509999999999996,12.431569
13.200000000000001,12.628391
13.49,13.373072
13.250000000000002,13.345345
12.839999999999998,12.781733
11.91,12.250982
11.04,11.092451
10.649999999999999,10.356699
10.919999999999998,10.19225
10.320000000000004,10.776086
10.19,9.798783
10.010000000000002,10.082799
10.000000000000002,9.810005
9.86,9.96213
9.779999999999998,9.680811
9.42,9.717175
9.029999999999998,9.138033
8.48,8.719606
8.22,8.034875
9.17,7.9880075
9.950000000000001,9.942102
10.529999999999998,10.642927
10.85,11.049
11.3,11.010313
11.91,11.363443
12.550000000000004,12.064243
12.61,12.7937565
12.120000000000001,12.3773985
11.539999999999997,11.550768
10.390000000000002,10.908619
9.549999999999999,9.600345
8.910000000000002,9.013808
8.459999999999999,8.402117
7.760000000000002,8.044344
6.950000000000001,7.2499566
6.950000000000001,6.4823337
6.140000000000001,7.1123047
5.579999999999999,5.7088284
5.390000000000001,5.374372
5.019999999999998,5.258655
5.349999999999999,4.786333
5.790000000000002,5.699374
5.860000000000001,6.343261
6.42,6.0891485
7.71,6.8584304
9.07,8.748274
10.55,10.198754
11.780000000000001,11.611774
13.040000000000003,12.45179
13.709999999999999,13.46747
14.129999999999997,13.704864
14.03,13.919354
13.320000000000002,13.438948
11.91,12.408202
10.880000000000003,10.896081
10.63,10.208184
9.899999999999999,10.15729
8.809999999999999,9.277983
7.519999999999999,8.155696
6.97,6.9524384
6.63,6.6796045
6.08,6.40397
5.73,5.7542567
5.5,5.5180197
4.950000000000001,5.4044666
4.829999999999999,4.6595
5.0600000000000005,4.810409
6.1499999999999995,5.370678
8.100000000000001,7.271418
10.2,9.813024
12.139999999999999,11.911096
13.860000000000003,13.480428
15.450000000000001,14.72438
16.009999999999998,16.025002
16.449999999999996,15.975991
16.49,16.190323
15.93,15.888796
14.070000000000002,14.992944
12.689999999999998,12.752401
11.52,11.922578
10.529999999999998,10.756007
9.779999999999998,9.932232
8.95,9.26696
8.920000000000002,8.424649
8.069999999999999,8.826824
7.630000000000001,7.6997147
7.109999999999999,7.5699434
6.880000000000001,6.8158073
7.789999999999999,6.786422
7.049999999999999,8.707883
7.670000000000001,6.870325
8.08,8.222783
8.8,8.312661
10.08,9.314955
11.899999999999997,11.0230875
14.16,13.158766
15.369999999999996,15.48931
16.41,16.075916
17.050000000000004,16.773594
17.21,16.995491
16.060000000000002,16.825684
13.800000000000002,14.952531
12.500000000000002,12.614046
11.45,11.758531
10.810000000000002,10.702879
10.400000000000002,10.311242
10.000000000000002,9.961637
9.51,9.592084
8.99,9.134059
8.8,8.737829
8.67,8.731429
8.49,8.643403
8.279999999999998,8.407747
8.809999999999999,8.159115
9.260000000000002,9.379073
9.12,9.704178
9.839999999999998,9.12383
11.280000000000003,10.289138
13.040000000000003,12.359955
14.96,14.242628
16.980000000000004,16.18809
17.879999999999995,18.077955
18.410000000000004,18.228642
18.13,18.41731
16.77,17.508265
14.92,15.554223
13.55,13.81226
13.08,12.746832
12.62,12.457286
12.120000000000001,12.045091
11.52,11.60137
11.150000000000002,11.01537
10.84,10.90621
11.090000000000002,10.629547
10.76,11.461805
10.410000000000002,10.621604
10.340000000000002,10.253949
10.299999999999999,10.207605
11.11,10.204721
12.069999999999999,11.781565
13.03,12.975628
14.58,13.877218
16.32,15.628921
17.24,17.358389
18.13,17.71336
18.950000000000003,18.43148
19.140000000000004,19.051895
19.06,18.82777
17.879999999999995,18.549667
15.6,16.695911
14.86,14.318808
14.63,14.24136
14.51,14.116827
14.12,14.072725
13.250000000000002,13.564537
13.049999999999997,12.59759
12.94,12.847026
12.930000000000001,12.797839
12.74,12.932972
12.699999999999998,12.585637
12.689999999999998,12.639438
12.850000000000001,12.646401
12.970000000000002,12.995783
12.819999999999999,13.043682
13.040000000000003,12.66933
13.37,13.088396
14.249999999999998,13.570585
14.24,15.019025
14.750000000000002,14.230139
14.98,14.9480095
15.19,14.873349
14.58,15.101209
14.289999999999996,13.95774
11.66,13.863867
11.140000000000002,10.369702
10.77,10.952666
10.76,10.259913
10.55,10.524413
10.410000000000002,10.194847
10.2,10.237039
10.060000000000002,9.9800625
9.99,9.927086
9.75,9.9255495
9.429999999999998,9.547704
9.33,9.169573
8.71,9.18324
8.82,8.233521
9.06,8.861551
9.92,9.244021
11.409999999999998,10.718477
12.61,12.701108
13.01,13.659344
14.11,13.275518
14.529999999999998,14.518142
15.069999999999999,14.416568
14.730000000000004,15.010589
13.950000000000001,14.0933
13.300000000000004,13.088635
12.879999999999999,12.4885435
12.780000000000001,12.291118
12.509999999999996,12.368712
12.38,12.021032
11.64,12.05128
11.32,11.109845
10.84,11.09324
10.36,10.4336815
10.16,9.978436
10.070000000000002,9.91782
9.889999999999999,9.956315
9.82,9.783978
10.010000000000002,9.810591
10.010000000000002,10.220139
9.839999999999998,10.0154295
9.99,9.715981
9.8,10.020194
9.969999999999999,9.582464
10.179999999999998,9.9969
10.470000000000002,10.241925
10.690000000000001,10.6407795
10.579999999999998,10.746643
10.600000000000003,10.425915
10.649999999999999,10.459312
10.639999999999999,10.492945
10.76,10.458716
10.309999999999999,10.631208
10.000000000000002,9.905128
9.899999999999999,9.7075815
9.93,9.676083
9.11,9.813977
8.82,8.518736
8.87,8.584755
8.679999999999998,8.795079
8.61,8.486224
8.289999999999997,8.4784565
8.37,8.009667
8.89,8.448903
9.93,9.344864
11.070000000000002,10.886444
11.729999999999999,12.076232
11.610000000000003,12.184543
11.86,11.420266
12.120000000000001,11.704284
12.34,11.878244
12.240000000000002,12.085122
11.86,11.779872
10.639999999999999,11.279612
9.670000000000002,9.794395
8.580000000000002,9.121243
8.19,7.9682217
7.599999999999998,7.890793
7.109999999999999,7.122504
6.69,6.7638144
6.340000000000001,6.370086
5.969999999999998,6.203892
5.51,5.761758
4.739999999999998,5.241391
4.269999999999998,4.296362
4.879999999999998,4.004562
4.489999999999999,5.5000806
4.160000000000001,4.325414
5.1,4.093082
6.48,5.905665
8.56,7.6609282
10.929999999999998,10.201089
12.220000000000002,12.607159
12.780000000000001,13.042326
12.8,12.890925
12.38,12.404952
11.700000000000001,11.664916
10.989999999999998,10.868051
10.5,10.201218
10.03,9.819515
9.47,9.412308
8.93,8.935131
8.300000000000002,8.472687
7.490000000000001,7.8695493
6.59,7.0078597
6.01,6.146625
5.71,5.6879044
6.089999999999999,5.5085044
6.32,6.58435
6.499999999999999,6.732318
6.680000000000001,6.831552
6.680000000000001,6.853812
6.69,6.656129
7.34,6.6225743
8.19,7.7838807
8.910000000000002,8.802096
9.46,9.41006
9.47,9.710111
9.52,9.297185
10.350000000000001,9.303605
10.03,10.597731
9.159999999999998,9.5773325
8.26,8.56777
7.799999999999998,7.641431
7.599999999999998,7.420322
7.549999999999999,7.3115697
7.549999999999999,7.339594
7.500000000000001,7.3636427
7.799999999999998,7.4474726
7.75,8.15196
7.72,7.7475905
7.430000000000001,7.715515
7.409999999999999,7.1685452
7.44,7.3191304
7.640000000000001,7.3358564
7.72,7.747013
8.09,7.726657
8.89,8.366659
9.489999999999998,9.517125
10.16,9.932611
10.45,10.564494
10.620000000000001,10.456122
10.460000000000003,10.489564
9.7,10.094706
8.970000000000002,9.080664
8.640000000000002,8.369667
8.48,8.21947
8.399999999999999,8.16046
8.2,8.167362
7.970000000000001,7.955919
7.900000000000001,7.811999
8.08,7.857041
8.160000000000002,8.291976
8.19,8.2420845
8.02,8.212307
8.14,7.8866863
8.22,8.1480055
8.440000000000001,8.205894
8.640000000000002,8.55451
8.89,8.7203665
9.159999999999998,9.018848
9.57,9.26697
10.270000000000001,9.792691
11.100000000000001,10.72486
11.3,11.656763
11.259999999999998,11.316094
10.470000000000002,11.052868
10.22,9.852101
10.02,9.82875
9.660000000000002,9.588796
9.47,9.191522
9.36,9.116728
9.05,9.120398
8.78,8.8081
8.55,8.566993
8.5,8.359978
8.619999999999997,8.45524
8.53,8.729811
8.61,8.479409
8.66,8.677835
8.469999999999999,8.668283
8.54,8.322856
8.749999999999998,8.512355
9.06,8.863479
9.27,9.262097
9.35,9.352157
9.3,9.325657
9.62,9.148295
9.85,9.703801
10.529999999999998,9.874831
10.390000000000002,10.955524
10.51,10.194187
10.329999999999997,10.459327
9.720000000000002,9.997371
9.839999999999998,9.210823
9.839999999999998,9.675088
9.779999999999998,9.601214
9.86,9.583079
9.8,9.806513
9.660000000000002,9.681408
9.69,9.502516
9.86,9.626469
9.730000000000002,9.942168
9.530000000000001,9.556724
9.499999999999998,9.338612
9.42,9.358608
9.27,9.250819
9.530000000000001,9.073457
9.670000000000002,9.667795
10.609999999999996,9.735831
11.85,11.412981
12.179999999999996,12.928486
12.74,12.468052
13.219999999999999,12.923529
13.580000000000004,13.182462
13.379999999999997,13.450337
12.66,12.915687
11.38,11.917835
10.09,10.44877
9.65,9.401051
9.88,9.238507
9.969999999999999,9.72001
9.64,9.782537
9.390000000000002,9.390644
9.429999999999998,9.241382
9.86,9.399015
10.119999999999997,10.154559
10.14,10.267396
10.470000000000002,10.099321
10.400000000000002,10.57627
10.45,10.21082
10.320000000000004,10.341349
10.42,10.059033
10.720000000000004,10.302253
11.009999999999998,10.759407
10.989999999999998,11.139258
11.269999999999998,10.873038
11.329999999999998,11.323471
11.610000000000003,11.185567
11.66,11.669059
11.479999999999997,11.499083
11.32,11.225899
10.680000000000001,11.028739
10.169999999999998,10.154673
9.950000000000001,9.697612
9.51,9.6282215
9.46,9.073936
9.089999999999998,9.309427
9.36,8.758294
9.51,9.698364
9.61,9.669031
9.86,9.730019
9.950000000000001,9.996848
10.259999999999998,9.932262
10.060000000000002,10.400719
10.709999999999999,9.835004
11.960000000000003,11.098812
12.66,12.916324
13.48,13.152976
14.750000000000002,13.90855
14.78,15.427537
15.38,14.594972
15.72,15.446527
15.739999999999998,15.529124
15.110000000000001,15.357009
14.610000000000003,14.318056
14.319999999999999,13.945193
13.709999999999999,13.770913
13.55,13.058786
13.589999999999998,13.203619
13.620000000000001,13.356034
13.37,13.587172
13.259999999999996,13.222189
13.219999999999999,13.15088
13.110000000000003,13.100787
12.889999999999999,12.939506
12.450000000000001,12.63186
12.640000000000002,12.070434
12.34,12.715609
13.07,12.045744
14.22,13.683443
15.830000000000002,15.320809
17.55,17.188456
19.140000000000004,18.75458
20.710000000000004,20.100441
21.4,21.43348
21.57,21.655441
20.780000000000005,21.372076
19.090000000000003,19.803938
17.86,17.650541
15.959999999999997,16.823198
15.019999999999998,14.91018
14.03,14.410769
13.869999999999997,13.365815
13.42,13.566764
12.550000000000004,12.974147
11.65,12.24664
11.31,11.2470255
11.57,11.1590805
11.470000000000004,11.86237
11.370000000000001,11.444115
11.610000000000003,11.336662
11.66,11.793624
11.890000000000002,11.6642
11.549999999999997,12.027293
11.210000000000003,11.270585
11.12,10.905937
10.77,10.871541
11.140000000000002,10.413681
11.009999999999998,11.206359
10.84,10.777627
10.55,10.694177
10.21,10.256401
10.060000000000002,9.90684
10.000000000000002,9.827295
9.969999999999999,9.830342
9.8,9.841079
8.619999999999997,9.627092
8.580000000000002,7.9607058
8.59,8.572106
8.09,8.469495
7.459999999999998,7.695822
7.57,7.019014
6.890000000000001,7.584018
5.91,6.3911147
6.02,5.4731846
6.130000000000002,6.075125
7.010000000000002,6.1954756
8.399999999999999,7.8161273
9.099999999999998,9.707964
10.070000000000002,9.7529
11.049999999999999,10.677179
10.659999999999998,11.5153885
8.77,10.270317
7.2200000000000015,8.000084
7.729999999999999,6.7188215
8.009999999999998,7.5636673
8.61,7.704239
8.459999999999999,8.530954
8.39,8.059998
8.279999999999998,8.292419
8.160000000000002,8.169734
8.240000000000002,7.983237
8.570000000000002,8.119113
7.640000000000001,8.596585
6.59,7.08128
6.8,6.201459
6.01,6.8590484
6.45,5.419594
6.259999999999999,6.68111
6.1499999999999995,5.935206
6.79,6.071709
7.14,7.301699
6.750000000000001,7.488027
7.470000000000001,6.62252
8.240000000000002,7.889882
7.7700000000000005,8.708792
8.21,7.549018
8.689999999999998,8.347566
8.640000000000002,8.701948
8.160000000000002,8.410449
7.620000000000002,7.7546625
7.090000000000001,7.1435533
6.839999999999999,6.6198645
6.6,6.565563
5.94,6.2967095
5.759999999999999,5.431431
4.669999999999999,5.6268806
3.7300000000000004,4.0520606
4.319999999999999,3.4292068
3.820000000000001,4.74924
3.7,3.5408392
4.319999999999999,3.667065
4.21,4.817089
4.28,4.183468
4.58,4.348924
5.590000000000001,4.7351747
6.49,6.362355
7.290000000000001,7.1799335
7.92,7.8744683
8.42,8.1748295
9.45,8.480184
9.730000000000002,9.88752
9.59,9.621008
9.13,9.23623
8.03,8.570609
7.640000000000001,7.2700295
7.179999999999999,7.289347
6.719999999999998,6.713833
6.11,6.3022013
5.81,5.6461945
5.67,5.5909457
5.549999999999999,5.621626
5.71,5.548634
6.089999999999999,5.9769607
7.03,6.560221
7.560000000000001,7.9029555
8.469999999999999,8.047273
7.88,9.143096
7.830000000000001,7.6293664
7.789999999999999,7.7475452
9.04,7.506102
10.45,9.610864
10.620000000000001,11.206372
10.989999999999998,10.617799
11.63,10.99496
12.159999999999998,11.636943
11.820000000000002,12.092902
11.549999999999997,11.280398
11.339999999999998,11.028541
11.000000000000004,10.820386
10.48,10.510799
10.08,9.947987
9.86,9.612441
9.76,9.526113
10.299999999999999,9.625149
10.639999999999999,10.821393
11.11,11.012156
11.25,11.533692
11.389999999999999,11.27855
10.950000000000001,11.345646
11.18,10.515783
11.59,11.105648
11.91,11.608567
12.75,11.940688
14.11,13.302655
15.159999999999997,15.126675
16.060000000000002,15.94383
16.8,16.598423
16.34,17.019978
16.39,15.715937
16.370000000000005,16.01835
16.08,15.916053
16.0,15.478686
15.500000000000002,15.492177
14.730000000000004,14.795031
13.76,13.953095
13.89,13.052142
14.51,13.824491
14.58,15.072482
14.759999999999996,14.682538
14.599999999999998,14.8755
13.13,14.39745
13.43,12.333295
13.09,13.456767
12.629999999999997,12.670432
13.08,12.166623
13.930000000000001,13.153183
14.339999999999996,14.689588
14.070000000000002,14.70916
13.219999999999999,13.970006
12.0,12.721078
11.66,11.322056
10.42,11.34643
10.21,9.65805
10.740000000000002,9.919445
10.820000000000002,10.759432
9.88,10.875975
9.099999999999998,9.601154
8.520000000000001,8.862732
8.32,8.212476
8.440000000000001,8.1572485
8.339999999999998,8.373815
8.09,8.113531
7.72,7.8469567
7.27,7.4737277
6.5200000000000005,6.971665
6.909999999999999,6.0697927
7.560000000000001,7.2002935
7.31,8.078555
7.209999999999999,7.286919
7.459999999999998,7.2221255
8.54,7.517072
9.57,9.278986
9.969999999999999,10.339089
10.659999999999998,10.212858
11.409999999999998,10.852161
11.539999999999997,11.588494
11.45,11.334428
11.359999999999996,11.091245
10.84,10.941753
10.43,10.197174
9.660000000000002,9.9014
8.510000000000002,9.00685
7.95,7.8061137
7.72,7.552645
7.91,7.4702473
8.409999999999998,8.116265
8.640000000000002,8.977899
8.570000000000002,8.961018
8.399999999999999,8.619482
8.31,8.286689
8.53,8.158039
8.8,8.507043
9.06,8.824954
9.390000000000002,9.115536
11.079999999999997,9.546477
11.809999999999999,12.416462
12.579999999999997,12.399002
12.879999999999999,13.017478
12.289999999999997,12.779655
12.32,11.673573
11.970000000000002,11.95248
12.61,11.375921
12.310000000000002,12.532975
12.209999999999999,11.732621
12.530000000000001,11.886553
13.239999999999998,12.467747
13.989999999999998,13.794171
13.03,14.570423
13.259999999999996,12.623456
13.47,13.232446
13.950000000000001,13.256934
13.989999999999998,13.9782295
14.11,13.705313
13.659999999999997,13.868813
13.530000000000001,13.121246
13.510000000000003,13.269187
13.159999999999998,13.270109
13.21,12.750299
13.740000000000002,13.010656
14.44,14.1039295
15.159999999999997,15.153942
15.760000000000003,15.824314
16.34,16.174551
16.05,16.576298
15.959999999999997,15.681127
15.230000000000002,15.651556
14.24,14.473962
13.09,13.407083
11.899999999999997,12.292672
12.310000000000002,11.212894
11.38,12.259677
11.090000000000002,10.710379
10.45,10.891668
10.05,9.984157
9.499999999999998,9.805853
9.29,9.111721
8.920000000000002,9.166603
8.71,8.611482
8.679999999999998,8.628057
9.839999999999998,8.742772
10.609999999999996,11.029931
11.100000000000001,11.410051
12.27,11.5467415
13.219999999999999,13.056113
15.100000000000001,13.727691
17.170000000000005,16.14529
19.71,18.276121
19.81,21.036755
18.23,19.87738
17.43,17.202963
17.0,16.641548
16.329999999999995,16.248293
15.3,15.510339
13.88,14.387131
12.889999999999999,12.957899
12.310000000000002,12.271469
11.92,11.93755
9.839999999999998,11.637531
9.549999999999999,8.866725
8.7,9.501629
8.84,8.123702
8.22,9.112155
7.98,7.785337
7.859999999999999,7.9070344
7.75,7.7127633
8.349999999999998,7.7203755
9.3,8.965264
10.55,10.235392
11.32,11.727422
12.240000000000002,11.893107
12.489999999999998,12.701808
12.27,12.342278
12.32,11.818086
11.770000000000001,11.934574
10.729999999999999,11.049857
9.489999999999998,9.914334
8.7,8.763864
8.19,8.1733675
7.85,7.760635
7.58,7.5364175
7.090000000000001,7.31366
5.759999999999999,6.7611575
4.879999999999998,5.197291
4.289999999999999,4.639193
3.94,3.9539042
3.43,3.7094188
2.85,3.0730197
2.65,2.515337
2.6100000000000003,2.5361137
3.3600000000000003,2.7092843
5.549999999999999,4.1639028
6.69,7.5245037
8.129999999999999,7.9260063
9.670000000000002,9.284608
10.620000000000001,10.527715
11.59,10.895177
11.549999999999997,11.690079
